,drug,generated_coformers,unobstructed,orthogonal_planes,h_bond_bridging
4,CN1C2=C(C(=O)N(C1=O)C)NC=N2,O=C1NC(=O)C(=O)N1,1,1,0
8,CN1C2=C(C(=O)N(C1=O)C)NC=N2,OC1=CC(Br)=CC=C1Cl,1,1,0
19,CN1C2=C(C(=O)N(C1=O)C)NC=N2,FC1=CC=CC(Br)=C1,1,1,0
30,CN1C2=C(C(=O)N(C1=O)C)NC=N2,O=C(O)C1=CC=CC=C1,1,1,0
32,CN1C2=C(C(=O)N(C1=O)C)NC=N2,O=C(O)CC(=O)O,1,1,0
35,CN1C2=C(C(=O)N(C1=O)C)NC=N2,BrC1=CC(F)=CC(Cl)=C1,1,1,0
38,CN1C2=C(C(=O)N(C1=O)C)NC=N2,CC1=CC=CN=C1I,1,1,0
59,CN1C2=C(C(=O)N(C1=O)C)NC=N2,O=C(O)C1=CC=CC=C1,1,1,0
62,CN1C2=C(C(=O)N(C1=O)C)NC=N2,O=C1N=CC(=O)N1,1,1,0
73,CN1C2=C(C(=O)N(C1=O)C)NC=N2,IC1=COC=CN1,1,1,0
94,CN1C2=C(C(=O)N(C1=O)C)NC=N2,N#CC1=CC=CC=C1,1,1,0
104,CN1C2=C(C(=O)N(C1=O)C)NC=N2,O=C1NC(=O)C(=O)N1,1,1,0
110,CN1C2=C(C(=O)N(C1=O)C)NC=N2,N#CCCC(=O)O,1,1,0
111,CN1C2=C(C(=O)N(C1=O)C)NC=N2,CC1=CC=NC=C1,1,1,0
118,CN1C2=C(C(=O)N(C1=O)C)NC=N2,CC1=NC(=S)SS1,1,1,0
126,CN1C2=C(C(=O)N(C1=O)C)NC=N2,BrC1=CC=CC=C1,1,1,0
132,CN1C2=C(C(=O)N(C1=O)C)NC=N2,O=CC1=CC=NC=C1,1,1,0
137,CN1C2=C(C(=O)N(C1=O)C)NC=N2,O=C1NC(=O)C(=O)N1,1,1,0
141,CN1C2=C(C(=O)N(C1=O)C)NC=N2,COC1=CC=NC=C1,1,1,0
145,CN1C2=C(C(=O)N(C1=O)C)NC=N2,CC1=CC=CN=C1,1,1,0
164,CN1C2=C(C(=O)N(C1=O)C)NC=N2,CC1=CC=NC=C1,1,1,0
186,CN1C2=C(C(=O)N(C1=O)C)NC=N2,O=CC1=CC=CC(F)=C1,1,1,0
201,CN1C2=C(C(=O)N(C1=O)C)NC=N2,BrC1=CC(Br)=CC(Br)=C1,1,1,0
203,CN1C2=C(C(=O)N(C1=O)C)NC=N2,IC1=CC(Cl)=CC(I)=C1,1,1,0
206,CN1C2=C(C(=O)N(C1=O)C)NC=N2,CC1=CC=NC=C1,1,1,0
209,CN1C2=C(C(=O)N(C1=O)C)NC=N2,O=C(O)C1=CC=CC=C1,1,1,0
212,CN1C2=C(C(=O)N(C1=O)C)NC=N2,O=NC1=CC=C(Cl)C=C1,1,1,0
214,CN1C2=C(C(=O)N(C1=O)C)NC=N2,CCC(C)(C)C,1,1,0
216,CN1C2=C(C(=O)N(C1=O)C)NC=N2,N#CCC(=O)O,1,1,0
221,CN1C2=C(C(=O)N(C1=O)C)NC=N2,N#CC1=CC(O)=CC(F)=C1,1,1,0
225,CN1C2=C(C(=O)N(C1=O)C)NC=N2,BrC1=CC=C(I)C=C1,1,1,0
232,CN1C2=C(C(=O)N(C1=O)C)NC=N2,CS(=O)(=O)C(=O)O,1,1,0
236,CN1C2=C(C(=O)N(C1=O)C)NC=N2,CC1=CC=NC=C1,1,1,0
237,CN1C2=C(C(=O)N(C1=O)C)NC=N2,O=C(O)C1=CC(C#N)=C(Cl)C(Cl)=C1,1,1,0
238,CN1C2=C(C(=O)N(C1=O)C)NC=N2,O=C1C=CC(=O)N1,1,1,0
263,CN1C2=C(C(=O)N(C1=O)C)NC=N2,CC1=CC=NC=C1,1,1,0
272,CN1C2=C(C(=O)N(C1=O)C)NC=N2,CN(C)S(=O)(=O)Cl,1,1,0
274,CN1C2=C(C(=O)N(C1=O)C)NC=N2,O=C(O)C1=CC(Cl)=CC=C1Cl,1,1,0
276,CN1C2=C(C(=O)N(C1=O)C)NC=N2,IC1=CNC=C1,1,1,0
280,CN1C2=C(C(=O)N(C1=O)C)NC=N2,O=C(O)C#N,1,1,0
281,CN1C2=C(C(=O)N(C1=O)C)NC=N2,CC1=CC=NC=C1,1,1,0
287,CN1C2=C(C(=O)N(C1=O)C)NC=N2,O=C1C=CC(=O)N1,1,1,0
290,CN1C2=C(C(=O)N(C1=O)C)NC=N2,N#CC(=O)N1C=CN=NC1,1,1,0
297,CN1C2=C(C(=O)N(C1=O)C)NC=N2,CC1=CC=NC=C1,1,1,0
301,CN1C2=C(C(=O)N(C1=O)C)NC=N2,O=C1NC(=O)NC1=O,1,1,0
304,CN1C2=C(C(=O)N(C1=O)C)NC=N2,N#CC(=O)O,1,1,0
309,CN1C2=C(C(=O)N(C1=O)C)NC=N2,CC(C)(C)O,1,1,0
317,CN1C2=C(C(=O)N(C1=O)C)NC=N2,O=C1C=CC(=O)N1,1,1,0
319,CN1C2=C(C(=O)N(C1=O)C)NC=N2,N#CCCC(=O)O,1,1,0
322,CN1C2=C(C(=O)N(C1=O)C)NC=N2,IC1=CNC=C1C,1,1,0
333,CN1C2=C(C(=O)N(C1=O)C)NC=N2,OC1=CC=C(I)C(Cl)=C1,1,1,0
338,CN1C2=C(C(=O)N(C1=O)C)NC=N2,CCCC(C)C,1,1,0
344,CN1C2=C(C(=O)N(C1=O)C)NC=N2,FC1=CC=C(C#N)C=C1,1,1,0
351,CN1C2=C(C(=O)N(C1=O)C)NC=N2,BrC1=CC(F)=CC(F)=C1,1,1,0
381,CN1C2=C(C(=O)N(C1=O)C)NC=N2,CCCCCCCCCC,1,1,0
384,CN1C2=C(C(=O)N(C1=O)C)NC=N2,IC1=CC=NC=C1,1,1,0
389,CN1C2=C(C(=O)N(C1=O)C)NC=N2,IC1=CC=C(O)C=C1,1,1,0
398,CN1C2=C(C(=O)N(C1=O)C)NC=N2,BrC1=CC=CC=C1,1,1,0
400,CN1C2=C(C(=O)N(C1=O)C)NC=N2,CC1=CC=NC=C1,1,1,0
401,CN1C2=C(C(=O)N(C1=O)C)NC=N2,BrC1=CC(O)=CC=C1Cl,1,1,0
404,CN1C2=C(C(=O)N(C1=O)C)NC=N2,CC1=CC=NC=C1,1,1,0
410,CN1C2=C(C(=O)N(C1=O)C)NC=N2,FC1=CC=CC(I)=C1,1,1,0
429,CN1C2=C(C(=O)N(C1=O)C)NC=N2,CC1=CC=NC=C1,1,1,0
461,CN1C2=C(C(=O)N(C1=O)C)NC=N2,CC1=CC=NC=C1,1,1,0
463,CN1C2=C(C(=O)N(C1=O)C)NC=N2,O=C1C=CC(=O)N1,1,1,0
475,CN1C2=C(C(=O)N(C1=O)C)NC=N2,O=C(O)C1=CC(Cl)=CC=C1Cl,1,1,0
477,CN1C2=C(C(=O)N(C1=O)C)NC=N2,CC1=CC=NC=C1,1,1,0
488,CN1C2=C(C(=O)N(C1=O)C)NC=N2,O=C1C=CN=CC1=S,1,1,0
489,CN1C2=C(C(=O)N(C1=O)C)NC=N2,O=C1NC(=O)N1,1,1,0
493,CN1C2=C(C(=O)N(C1=O)C)NC=N2,O=CC1=CC=CC(F)=C1,1,1,0
495,CN1C2=C(C(=O)N(C1=O)C)NC=N2,CCC(C)(C)C,1,1,0
499,CN1C2=C(C(=O)N(C1=O)C)NC=N2,CC(C)=O,1,1,0
500,CN1C2=C(C(=O)N(C1=O)C)NC=N2,CC1=CC=NC=C1,1,1,0
509,CN1C2=C(C(=O)N(C1=O)C)NC=N2,O=C(O)CC(=O)O,1,1,0
510,CN1C2=C(C(=O)N(C1=O)C)NC=N2,O=C(O)C1=CC=CC=C1,1,1,0
527,CN1C2=C(C(=O)N(C1=O)C)NC=N2,N#CC1=CC=CN=C1,1,1,0
530,CN1C2=C(C(=O)N(C1=O)C)NC=N2,CCCCCC(C)C,1,1,0
546,CN1C2=C(C(=O)N(C1=O)C)NC=N2,N#CCCC(=O)O,1,1,0
550,CN1C2=C(C(=O)N(C1=O)C)NC=N2,N#CCC(=O)O,1,1,0
571,CN1C2=C(C(=O)N(C1=O)C)NC=N2,O=C1NC(=O)N1,1,1,0
572,CN1C2=C(C(=O)N(C1=O)C)NC=N2,CCCC(C)C,1,1,0
573,CN1C2=C(C(=O)N(C1=O)C)NC=N2,CC(C)(C)CBr,1,1,0
578,CN1C2=C(C(=O)N(C1=O)C)NC=N2,CC1=CC=NC=C1,1,1,0
582,CN1C2=C(C(=O)N(C1=O)C)NC=N2,IC1=CNC=C1,1,1,0
583,CN1C2=C(C(=O)N(C1=O)C)NC=N2,O=CC1=CC=CC(Br)=C1,1,1,0
584,CN1C2=C(C(=O)N(C1=O)C)NC=N2,IC1=CC=CC(F)=C1,1,1,0
586,CN1C2=C(C(=O)N(C1=O)C)NC=N2,O=C(O)C1=CC(F)=CC(Br)=C1,1,1,0
594,CN1C2=C(C(=O)N(C1=O)C)NC=N2,CS(=O)(=O)O,1,1,0
599,CN1C2=C(C(=O)N(C1=O)C)NC=N2,BrC1=CC=C(Cl)C(Cl)=C1,1,1,0
602,CN1C2=C(C(=O)N(C1=O)C)NC=N2,BrC1=CC=C(Br)C=C1,1,1,0
608,CN1C2=C(C(=O)N(C1=O)C)NC=N2,COC1=CC=CN=C1,1,1,0
609,CN1C2=C(C(=O)N(C1=O)C)NC=N2,O=C(O)C1=CC=CC=C1,1,1,0
611,CN1C2=C(C(=O)N(C1=O)C)NC=N2,N#CC1=CC=CC(O)=C1,1,1,0
613,CN1C2=C(C(=O)N(C1=O)C)NC=N2,CC1=C(C)SSS1,1,1,0
614,CN1C2=C(C(=O)N(C1=O)C)NC=N2,FC1=CC=C(I)C=C1,1,1,0
624,CN1C2=C(C(=O)N(C1=O)C)NC=N2,N#CCCC#N,1,1,0
625,CN1C2=C(C(=O)N(C1=O)C)NC=N2,CC1=CC=NC=C1,1,1,0
640,CN1C2=C(C(=O)N(C1=O)C)NC=N2,BrC1=CC=CN=C1,1,1,0
660,CN1C2=C(C(=O)N(C1=O)C)NC=N2,IC1=CC=CC(O)=C1,1,1,0
665,CN1C2=C(C(=O)N(C1=O)C)NC=N2,IC(=O)C1=CC=CC=C1,1,1,0
689,CN1C2=C(C(=O)N(C1=O)C)NC=N2,N#CC1=CC=NC=C1,1,1,0
696,CN1C2=C(C(=O)N(C1=O)C)NC=N2,O=C1C=CC(=O)N1,1,1,0
697,CN1C2=C(C(=O)N(C1=O)C)NC=N2,O=C(O)CCC#N,1,1,0
710,CN1C2=C(C(=O)N(C1=O)C)NC=N2,O=C1NC(=O)N1,1,1,0
715,CN1C2=C(C(=O)N(C1=O)C)NC=N2,CC1=CC=CN=C1,1,1,0
724,CN1C2=C(C(=O)N(C1=O)C)NC=N2,CCC(C)(C)C,1,1,0
734,CN1C2=C(C(=O)N(C1=O)C)NC=N2,CC1=CC=CN=C1,1,1,0
757,CN1C2=C(C(=O)N(C1=O)C)NC=N2,O=C(O)C1=CC(Cl)=C(Cl)S1,1,1,0
793,CN1C2=C(C(=O)N(C1=O)C)NC=N2,IC1=CC=CC(Br)=C1,1,1,0
811,CN1C2=C(C(=O)N(C1=O)C)NC=N2,O=C1NC(=O)N1,1,1,0
813,CN1C2=C(C(=O)N(C1=O)C)NC=N2,O=C(O)C1=CC=CC=C1F,1,1,0
816,CN1C2=C(C(=O)N(C1=O)C)NC=N2,CS(=O)(=O)O,1,1,0
817,CN1C2=C(C(=O)N(C1=O)C)NC=N2,CCCCCCCCCC,1,1,0
828,CN1C2=C(C(=O)N(C1=O)C)NC=N2,CCCCCCCCCCCCC,1,1,0
844,CN1C2=C(C(=O)N(C1=O)C)NC=N2,CC1=CC(=O)OC(C#N)=C1,1,1,0
853,CN1C2=C(C(=O)N(C1=O)C)NC=N2,CSS(=O)(=O)O,1,1,0
862,CN1C2=C(C(=O)N(C1=O)C)NC=N2,N#CCC(=O)O,1,1,0
870,CN1C2=C(C(=O)N(C1=O)C)NC=N2,O=C1NC(=O)NC1=O,1,1,0
876,CN1C2=C(C(=O)N(C1=O)C)NC=N2,FC1=CC=C(I)C=C1,1,1,0
879,CN1C2=C(C(=O)N(C1=O)C)NC=N2,FC1=CC=C(I)C=C1,1,1,0
880,CN1C2=C(C(=O)N(C1=O)C)NC=N2,CC1=CC=CN=C1,1,1,0
895,CN1C2=C(C(=O)N(C1=O)C)NC=N2,CC1=CC=NC=C1,1,1,0
909,CN1C2=C(C(=O)N(C1=O)C)NC=N2,CCC(C)(C)C,1,1,0
914,CN1C2=C(C(=O)N(C1=O)C)NC=N2,N#CC(=O)O,1,1,0
916,CN1C2=C(C(=O)N(C1=O)C)NC=N2,CC1=CC=CN=C1,1,1,0
919,CN1C2=C(C(=O)N(C1=O)C)NC=N2,O=CC1=CC(F)=CC=C1O,1,1,0
930,CN1C2=C(C(=O)N(C1=O)C)NC=N2,CC1=CC=CN=C1,1,1,0
932,CN1C2=C(C(=O)N(C1=O)C)NC=N2,CC1=CC=NC=C1,1,1,0
940,CN1C2=C(C(=O)N(C1=O)C)NC=N2,O=C1C=CC(Cl)=CC=C1Cl,1,1,0
941,CN1C2=C(C(=O)N(C1=O)C)NC=N2,O=C1NC(=O)N1,1,1,0
956,CN1C2=C(C(=O)N(C1=O)C)NC=N2,CC1=CC=NC=C1,1,1,0
958,CN1C2=C(C(=O)N(C1=O)C)NC=N2,C=CC#N,1,1,0
963,CN1C2=C(C(=O)N(C1=O)C)NC=N2,CC1=CC=NC=C1,1,1,0
966,CN1C2=C(C(=O)N(C1=O)C)NC=N2,CC(C)(C)C#N,1,1,0
971,CN1C2=C(C(=O)N(C1=O)C)NC=N2,CC1=CC=NC=C1,1,1,0
975,CN1C2=C(C(=O)N(C1=O)C)NC=N2,O=C(O)CI,1,1,0
977,CN1C2=C(C(=O)N(C1=O)C)NC=N2,O=C1NC(=O)N1,1,1,0
998,CN1C2=C(C(=O)N(C1=O)C)NC=N2,IC1=CC=CN=C1,1,1,0
1004,CN1C2=C(C(=O)N(C1=O)C)NC=N2,O=C1NC(=O)C(=O)N1,1,1,0
1021,CN1C2=C(C(=O)N(C1=O)C)NC=N2,BrC1=CC=C(Cl)C=C1,1,1,0
1029,CN1C2=C(C(=O)N(C1=O)C)NC=N2,BrC1=CC=C(F)C=C1,1,1,0
1031,CN1C2=C(C(=O)N(C1=O)C)NC=N2,O=C(O)C1=CC=CC=C1,1,1,0
1032,CN1C2=C(C(=O)N(C1=O)C)NC=N2,O=C1NC(=O)C(=O)N1,1,1,0
1049,CN1C2=C(C(=O)N(C1=O)C)NC=N2,CC1=CC=NC=C1,1,1,0
1085,CN1C2=C(C(=O)N(C1=O)C)NC=N2,O=C1NC(=O)N1,1,1,0
1088,CN1C2=C(C(=O)N(C1=O)C)NC=N2,CCC(C)(C)C,1,1,0
1092,CN1C2=C(C(=O)N(C1=O)C)NC=N2,BrC1=CC(Cl)=CC=C1Cl,1,1,0
1093,CN1C2=C(C(=O)N(C1=O)C)NC=N2,O=C(O)C(Cl)Cl,1,1,0
1100,CN1C2=C(C(=O)N(C1=O)C)NC=N2,CCCCC(C)(C)C,1,1,0
1108,CN1C2=C(C(=O)N(C1=O)C)NC=N2,CC1=CC=NC=C1,1,1,0
1119,CN1C2=C(C(=O)N(C1=O)C)NC=N2,CC1=CC=NC=C1,1,1,0
1133,CN1C2=C(C(=O)N(C1=O)C)NC=N2,CC1=CC=CN=C1,1,1,0
1148,CN1C2=C(C(=O)N(C1=O)C)NC=N2,CCCCCCCCCCCCCCCCCCCCCCC,1,1,0
1153,CN1C2=C(C(=O)N(C1=O)C)NC=N2,BrC1=CC=C(Cl)C=C1,1,1,0
1156,CN1C2=C(C(=O)N(C1=O)C)NC=N2,CCC#N,1,1,0
1157,CN1C2=C(C(=O)N(C1=O)C)NC=N2,IC1=CC=CC(I)=C1,1,1,0
1161,CN1C2=C(C(=O)N(C1=O)C)NC=N2,CCCCCC(C)(C)C,1,1,0
1168,CN1C2=C(C(=O)N(C1=O)C)NC=N2,O=C(O)C1=CC=CC=C1F,1,1,0
1185,CN1C2=C(C(=O)N(C1=O)C)NC=N2,CC1=CC=NC=C1,1,1,0
1197,CN1C2=C(C(=O)N(C1=O)C)NC=N2,O=C1C=CC(=O)N1,1,1,0
1200,CN1C2=C(C(=O)N(C1=O)C)NC=N2,CC1=CC=NC=C1,1,1,0
1204,CN1C2=C(C(=O)N(C1=O)C)NC=N2,O=CC1=CC=CN=C1,1,1,0
1205,CN1C2=C(C(=O)N(C1=O)C)NC=N2,P(=O)(OCC)C,1,1,0
1207,CN1C2=C(C(=O)N(C1=O)C)NC=N2,N#CC(=O)O,1,1,0
1216,CN1C2=C(C(=O)N(C1=O)C)NC=N2,CCC(C)C,1,1,0
1217,CN1C2=C(C(=O)N(C1=O)C)NC=N2,O=CC1=CC=C(Cl)C=C1,1,1,0
1239,CN1C2=C(C(=O)N(C1=O)C)NC=N2,CC1=CC=NC=C1,1,1,0
1248,CN1C2=C(C(=O)N(C1=O)C)NC=N2,C1=CC=CN=C1,1,1,0
1249,CN1C2=C(C(=O)N(C1=O)C)NC=N2,CCC(C)C,1,1,0
1254,CN1C2=C(C(=O)N(C1=O)C)NC=N2,O=C1NC(=O)C(=O)N1,1,1,0
1260,CN1C2=C(C(=O)N(C1=O)C)NC=N2,O=C1C=CC(=O)N1,1,1,0
1264,CN1C2=C(C(=O)N(C1=O)C)NC=N2,CCC(C)(C)C,1,1,0
1266,CN1C2=C(C(=O)N(C1=O)C)NC=N2,CC1=CC=NC=C1,1,1,0
1270,CN1C2=C(C(=O)N(C1=O)C)NC=N2,O=C(O)C(Cl)Cl,1,1,0
1277,CN1C2=C(C(=O)N(C1=O)C)NC=N2,N#CC(=O)O,1,1,0
1280,CN1C2=C(C(=O)N(C1=O)C)NC=N2,CC1=CC=NC=C1,1,1,0
1291,CN1C2=C(C(=O)N(C1=O)C)NC=N2,N#CC1=CC(C(=O)O)=CC(Br)=C1,1,1,0
1300,CN1C2=C(C(=O)N(C1=O)C)NC=N2,CC1=CC=NC=C1,1,1,0
1302,CN1C2=C(C(=O)N(C1=O)C)NC=N2,IC(=O)C1=CC=CC=C1,1,1,0
1314,CN1C2=C(C(=O)N(C1=O)C)NC=N2,FC1=CC=CC(C(=O)O)=C1,1,1,0
1334,CN1C2=C(C(=O)N(C1=O)C)NC=N2,O=C1NCC(=O)O1,1,1,0
1344,CN1C2=C(C(=O)N(C1=O)C)NC=N2,S=NC1=CC(Cl)=CC(O)=C1,1,1,0
1352,CN1C2=C(C(=O)N(C1=O)C)NC=N2,O=C(O)C1=CC=CC=C1F,1,1,0
1354,CN1C2=C(C(=O)N(C1=O)C)NC=N2,IC1=CC=CC=C1I,1,1,0
1357,CN1C2=C(C(=O)N(C1=O)C)NC=N2,CC1=CC=NC=C1,1,1,0
1365,CN1C2=C(C(=O)N(C1=O)C)NC=N2,O=C1NC(=O)N1,1,1,0
1366,CN1C2=C(C(=O)N(C1=O)C)NC=N2,N#CC1=CC=CC(O)=C1,1,1,0
1382,CN1C2=C(C(=O)N(C1=O)C)NC=N2,BrC1=CC=C(Br)C=C1,1,1,0
1412,CN1C2=C(C(=O)N(C1=O)C)NC=N2,O=C1CC(=O)NC1=O,1,1,0
1438,CN1C2=C(C(=O)N(C1=O)C)NC=N2,CCCCCC(C)C,1,1,0
1439,CN1C2=C(C(=O)N(C1=O)C)NC=N2,O=C1NC(=O)C(=O)N1,1,1,0
1441,CN1C2=C(C(=O)N(C1=O)C)NC=N2,CC1=CC=NC=C1,1,1,0
1443,CN1C2=C(C(=O)N(C1=O)C)NC=N2,IC1=CC=C(N=C)C=C1,1,1,0
1457,CN1C2=C(C(=O)N(C1=O)C)NC=N2,FC1=CC=CC(F)=C1,1,1,0
1459,CN1C2=C(C(=O)N(C1=O)C)NC=N2,CC1=CC=NC=C1,1,1,0
1465,CN1C2=C(C(=O)N(C1=O)C)NC=N2,CCSC(=O)O,1,1,0
1469,CN1C2=C(C(=O)N(C1=O)C)NC=N2,S=CCCCC(C)C,1,1,0
1475,CN1C2=C(C(=O)N(C1=O)C)NC=N2,BrC1=CC=C(Cl)C=C1,1,1,0
1484,CN1C2=C(C(=O)N(C1=O)C)NC=N2,O=C(O)C1=CC=CC=C1,1,1,0
1492,CN1C2=C(C(=O)N(C1=O)C)NC=N2,O=C1C=CC(=O)N1,1,1,0
1500,CN1C2=C(C(=O)N(C1=O)C)NC=N2,CC1=CC=NC=C1,1,1,0
1503,CN1C2=C(C(=O)N(C1=O)C)NC=N2,O=C(O)C(Cl)Cl,1,1,0
1504,CN1C2=C(C(=O)N(C1=O)C)NC=N2,OC1=CC=C(Cl)C(Cl)=C1,1,1,0
1507,CN1C2=C(C(=O)N(C1=O)C)NC=N2,IC1=CC=CC(F)=C1,1,1,0
1509,CN1C2=C(C(=O)N(C1=O)C)NC=N2,O=C1NC(=O)N1,1,1,0
1515,CN1C2=C(C(=O)N(C1=O)C)NC=N2,CC1=CC=NC=C1,1,1,0
1519,CN1C2=C(C(=O)N(C1=O)C)NC=N2,O=C1C=CC(=O)N1,1,1,0
1523,CN1C2=C(C(=O)N(C1=O)C)NC=N2,BrC1=CC=CC=C1Br,1,1,0
1526,CN1C2=C(C(=O)N(C1=O)C)NC=N2,BrC1=CC=C(Cl)C=C1,1,1,0
1527,CN1C2=C(C(=O)N(C1=O)C)NC=N2,CC1=CC=NC=C1,1,1,0
1530,CN1C2=C(C(=O)N(C1=O)C)NC=N2,IC1=CC(Br)=CC(O)=C1,1,1,0
1552,CN1C2=C(C(=O)N(C1=O)C)NC=N2,CCCCCCCCCCCCC,1,1,0
1563,CN1C2=C(C(=O)N(C1=O)C)NC=N2,O=C(O)C1=CC=CC=C1F,1,1,0
1568,CN1C2=C(C(=O)N(C1=O)C)NC=N2,O=C(O)C1=CC=CC=C1,1,1,0
1610,CN1C2=C(C(=O)N(C1=O)C)NC=N2,N#CC(=O)O,1,1,0
1615,CN1C2=C(C(=O)N(C1=O)C)NC=N2,O=C1C=C(Cl)C=NC1,1,1,0
1624,CN1C2=C(C(=O)N(C1=O)C)NC=N2,CC1=CC=CC(Br)=C1,1,1,0
1632,CN1C2=C(C(=O)N(C1=O)C)NC=N2,ClC1=CC=CC=C1,1,1,0
1651,CN1C2=C(C(=O)N(C1=O)C)NC=N2,CC1=CC=NC=C1,1,1,0
1652,CN1C2=C(C(=O)N(C1=O)C)NC=N2,CC(C)(C)CC(C)C,1,1,0
1658,CN1C2=C(C(=O)N(C1=O)C)NC=N2,N#CC(=O)O,1,1,0
1660,CN1C2=C(C(=O)N(C1=O)C)NC=N2,IC1=CNC=C1,1,1,0
1686,CN1C2=C(C(=O)N(C1=O)C)NC=N2,CC1=CC=NC=C1,1,1,0
1692,CN1C2=C(C(=O)N(C1=O)C)NC=N2,O=C1NC(=O)C(=O)N1,1,1,0
1716,CN1C2=C(C(=O)N(C1=O)C)NC=N2,BrC1=CC=CC=C1I,1,1,0
1730,CN1C2=C(C(=O)N(C1=O)C)NC=N2,CC1=CC=NC=C1,1,1,0
1736,CN1C2=C(C(=O)N(C1=O)C)NC=N2,O=C(O)C(Cl)Cl,1,1,0
1737,CN1C2=C(C(=O)N(C1=O)C)NC=N2,O=C(O)C1=CC=CC=C1F,1,1,0
1759,CN1C2=C(C(=O)N(C1=O)C)NC=N2,CC(=O)OCC#N,1,1,0
1760,CN1C2=C(C(=O)N(C1=O)C)NC=N2,IC1=CC(I)=CC(Br)=C1,1,1,0
1763,CN1C2=C(C(=O)N(C1=O)C)NC=N2,BrC1=CC=CC(F)=C1,1,1,0
1781,CN1C2=C(C(=O)N(C1=O)C)NC=N2,CC1=CC=NC=C1,1,1,0
1799,CN1C2=C(C(=O)N(C1=O)C)NC=N2,CCCCCCCCCCCCCC=C,1,1,0
1804,CN1C2=C(C(=O)N(C1=O)C)NC=N2,CC1=CC=NC=C1,1,1,0
1812,CN1C2=C(C(=O)N(C1=O)C)NC=N2,I,1,1,0
1814,CN1C2=C(C(=O)N(C1=O)C)NC=N2,BrC1=CC=CC(F)=C1,1,1,0
1820,CN1C2=C(C(=O)N(C1=O)C)NC=N2,O=COC1=CC=CN=C1Br,1,1,0
1833,CN1C2=C(C(=O)N(C1=O)C)NC=N2,CCC(C)(C)C,1,1,0
1836,CN1C2=C(C(=O)N(C1=O)C)NC=N2,N#CC1=CC(C(=O)O)=CC(Br)=C1,1,1,0
1854,CN1C2=C(C(=O)N(C1=O)C)NC=N2,CC1=CC=NC=C1,1,1,0
1859,CN1C2=C(C(=O)N(C1=O)C)NC=N2,O=C1NC(=O)N1,1,1,0
1864,CN1C2=C(C(=O)N(C1=O)C)NC=N2,BrC1=CC(F)=CC(F)=C1,1,1,0
1867,CN1C2=C(C(=O)N(C1=O)C)NC=N2,O=C(O)C1=CC=CC=C1,1,1,0
1870,CN1C2=C(C(=O)N(C1=O)C)NC=N2,CC1=CC=NC=C1,1,1,0
1880,CN1C2=C(C(=O)N(C1=O)C)NC=N2,O=CC1=CC=CC=C1O,1,1,0
1888,CN1C2=C(C(=O)N(C1=O)C)NC=N2,CC(C)(C)SCC,1,1,0
1891,CN1C2=C(C(=O)N(C1=O)C)NC=N2,N#CC1=CC=CC=C1I,1,1,0
1912,CN1C2=C(C(=O)N(C1=O)C)NC=N2,CC1=CSSS1,1,1,0
1926,CN1C2=C(C(=O)N(C1=O)C)NC=N2,O=CC1=CC=C(Cl)C=C1,1,1,0
1930,CN1C2=C(C(=O)N(C1=O)C)NC=N2,N#N,1,1,0
1939,CN1C2=C(C(=O)N(C1=O)C)NC=N2,CC#N,1,1,0
1941,CN1C2=C(C(=O)N(C1=O)C)NC=N2,N#CC1=CC=CS1,1,1,0
1945,CN1C2=C(C(=O)N(C1=O)C)NC=N2,O=C1NC(=O)C(=O)N1,1,1,0
1979,CN1C2=C(C(=O)N(C1=O)C)NC=N2,N#CC1=CC=NC=C1,1,1,0
1984,CN1C2=C(C(=O)N(C1=O)C)NC=N2,O=C1NC(=O)N1,1,1,0
1988,CN1C2=C(C(=O)N(C1=O)C)NC=N2,C#CC1=CC=NC=C1,1,1,0
1989,CN1C2=C(C(=O)N(C1=O)C)NC=N2,O=NC1=CC=C(Cl)C=C1,1,1,0
1995,CN1C2=C(C(=O)N(C1=O)C)NC=N2,CCCCCC#CCOC,1,1,0
1996,CN1C2=C(C(=O)N(C1=O)C)NC=N2,O=CC1=CC=CC=C1I,1,1,0
2023,CN1C2=C(C(=O)N(C1=O)C)NC=N2,INC1=CC(Cl)=CC(F)=C1,1,1,0
2029,CN1C2=C(C(=O)N(C1=O)C)NC=N2,CC1=CC=CN=C1,1,1,0
2032,CN1C2=C(C(=O)N(C1=O)C)NC=N2,FC1=CC=CC(Cl)=C1,1,1,0
2036,CN1C2=C(C(=O)N(C1=O)C)NC=N2,IC1=CC=CC(O)=C1,1,1,0
2048,CN1C2=C(C(=O)N(C1=O)C)NC=N2,CCCCCCCC#N,1,1,0
2051,CN1C2=C(C(=O)N(C1=O)C)NC=N2,O=C(O)C1=CC=CC=C1,1,1,0
2072,CN1C2=C(C(=O)N(C1=O)C)NC=N2,C=CC(=O)O,1,1,0
2117,CN1C2=C(C(=O)N(C1=O)C)NC=N2,CN(C)CCC(C)C,1,1,0
2123,CN1C2=C(C(=O)N(C1=O)C)NC=N2,FC1=CC=CC=C1I,1,1,0
2124,CN1C2=C(C(=O)N(C1=O)C)NC=N2,O=C1C=CC(=O)N1,1,1,0
2144,CN1C2=C(C(=O)N(C1=O)C)NC=N2,CC1=CC=NC=C1,1,1,0
2145,CN1C2=C(C(=O)N(C1=O)C)NC=N2,BrC1=CC=C(Br)C=C1,1,1,0
2150,CN1C2=C(C(=O)N(C1=O)C)NC=N2,CCC(C)(C)C,1,1,0
2162,CN1C2=C(C(=O)N(C1=O)C)NC=N2,CC1=CC=CN=C1,1,1,0
2168,CN1C2=C(C(=O)N(C1=O)C)NC=N2,BrC1=CC=C(F)C=C1,1,1,0
2182,CN1C2=C(C(=O)N(C1=O)C)NC=N2,CCC(C)(C)C,1,1,0
2186,CN1C2=C(C(=O)N(C1=O)C)NC=N2,N#CCCC(=O)O,1,1,0
2188,CN1C2=C(C(=O)N(C1=O)C)NC=N2,COC1=CC=NC=C1,1,1,0
2202,CN1C2=C(C(=O)N(C1=O)C)NC=N2,O=C1NC(=O)C(=O)O1,1,1,0
2205,CN1C2=C(C(=O)N(C1=O)C)NC=N2,CC1=CC=CN=C1,1,1,0
2211,CN1C2=C(C(=O)N(C1=O)C)NC=N2,O=C(O)C1=CC=CC=C1F,1,1,0
2216,CN1C2=C(C(=O)N(C1=O)C)NC=N2,CCCCCOI,1,1,0
2218,CN1C2=C(C(=O)N(C1=O)C)NC=N2,O=C1NC(=O)N1,1,1,0
2221,CN1C2=C(C(=O)N(C1=O)C)NC=N2,CCC#N,1,1,0
2223,CN1C2=C(C(=O)N(C1=O)C)NC=N2,IC1=CNC=C1,1,1,0
2227,CN1C2=C(C(=O)N(C1=O)C)NC=N2,BrC1=CC=C(O)C(Cl)=C1,1,1,0
2242,CN1C2=C(C(=O)N(C1=O)C)NC=N2,N#CCCC(=O)O,1,1,0
2250,CN1C2=C(C(=O)N(C1=O)C)NC=N2,IC1=CC=C(Br)C=C1,1,1,0
2254,CN1C2=C(C(=O)N(C1=O)C)NC=N2,O=C(O)C1=CC=C(F)C(Br)=C1,1,1,0
2260,CN1C2=C(C(=O)N(C1=O)C)NC=N2,FC1=CN=CN=C1,1,1,0
2261,CN1C2=C(C(=O)N(C1=O)C)NC=N2,C1=CNC=C1I,1,1,0
2262,CN1C2=C(C(=O)N(C1=O)C)NC=N2,CCCCCCCCC,1,1,0
2272,CN1C2=C(C(=O)N(C1=O)C)NC=N2,CC1=CC=NC=C1,1,1,0
2273,CN1C2=C(C(=O)N(C1=O)C)NC=N2,O=C1C=CC(=O)N1,1,1,0
2288,CN1C2=C(C(=O)N(C1=O)C)NC=N2,O=C1C=CC(=O)O1,1,1,0
2295,CN1C2=C(C(=O)N(C1=O)C)NC=N2,CCC(C)C,1,1,0
2299,CN1C2=C(C(=O)N(C1=O)C)NC=N2,CC1=CC=CN=C1,1,1,0
2303,CN1C2=C(C(=O)N(C1=O)C)NC=N2,O=C1NC(=O)C(=O)N1,1,1,0
2305,CN1C2=C(C(=O)N(C1=O)C)NC=N2,O=C1C=CC(=O)N1,1,1,0
2323,CN1C2=C(C(=O)N(C1=O)C)NC=N2,O=C(O)C1=CC=CC=C1,1,1,0
2341,CN1C2=C(C(=O)N(C1=O)C)NC=N2,O=C(O)C(Cl)Cl,1,1,0
2344,CN1C2=C(C(=O)N(C1=O)C)NC=N2,O=C1NC(=O)NC1=O,1,1,0
2346,CN1C2=C(C(=O)N(C1=O)C)NC=N2,COC(=O)C(=O)O,1,1,0
2347,CN1C2=C(C(=O)N(C1=O)C)NC=N2,IC1=CC=CC=C1Br,1,1,0
2360,CN1C2=C(C(=O)N(C1=O)C)NC=N2,IC1=CC=CC(F)=C1,1,1,0
2372,CN1C2=C(C(=O)N(C1=O)C)NC=N2,CCCC(C)(C)C,1,1,0
2381,CN1C2=C(C(=O)N(C1=O)C)NC=N2,CC1=CC=CN=C1,1,1,0
2399,CN1C2=C(C(=O)N(C1=O)C)NC=N2,O=C1C=CC(=O)N1,1,1,0
2402,CN1C2=C(C(=O)N(C1=O)C)NC=N2,CC1=CC=NC=C1,1,1,0
2403,CN1C2=C(C(=O)N(C1=O)C)NC=N2,BrC1=CC=C(Cl)C=C1,1,1,0
2404,CN1C2=C(C(=O)N(C1=O)C)NC=N2,O=C(O)C1=CC=CC=C1,1,1,0
2412,CN1C2=C(C(=O)N(C1=O)C)NC=N2,FC1=CC=CN=C1,1,1,0
2417,CN1C2=C(C(=O)N(C1=O)C)NC=N2,O=CC1=CC=CC(Br)=C1,1,1,0
2441,CN1C2=C(C(=O)N(C1=O)C)NC=N2,BrC1=CC=CC=C1,1,1,0
2448,CN1C2=C(C(=O)N(C1=O)C)NC=N2,CC1=CC=NC=C1,1,1,0
2449,CN1C2=C(C(=O)N(C1=O)C)NC=N2,O=C(O)C1=CC=C(F)C=C1,1,1,0
2458,CN1C2=C(C(=O)N(C1=O)C)NC=N2,CC1=CC=NC=C1,1,1,0
2459,CN1C2=C(C(=O)N(C1=O)C)NC=N2,CCCCCCCCCCCCCCC,1,1,0
2463,CN1C2=C(C(=O)N(C1=O)C)NC=N2,COC1=CC=NC=C1,1,1,0
2472,CN1C2=C(C(=O)N(C1=O)C)NC=N2,CCCCCCCSC(=O)O,1,1,0
2476,CN1C2=C(C(=O)N(C1=O)C)NC=N2,CC1=CC=NC=C1,1,1,0
2479,CN1C2=C(C(=O)N(C1=O)C)NC=N2,O=C1NC(=O)C(=O)N1,1,1,0
2481,CN1C2=C(C(=O)N(C1=O)C)NC=N2,O=C1C=CC(=O)N1,1,1,0
2486,CN1C2=C(C(=O)N(C1=O)C)NC=N2,N#CC1=CC=NC=C1,1,1,0
2490,CN1C2=C(C(=O)N(C1=O)C)NC=N2,O=C(O)C(Cl)Cl,1,1,0
2491,CN1C2=C(C(=O)N(C1=O)C)NC=N2,CCC(C)C,1,1,0
2511,CN1C2=C(C(=O)N(C1=O)C)NC=N2,BrC1=CC(Br)=CC(Cl)=C1,1,1,0
2527,CN1C2=C(C(=O)N(C1=O)C)NC=N2,BrC1=CC=CN=C1,1,1,0
2530,CN1C2=C(C(=O)N(C1=O)C)NC=N2,CCC#N,1,1,0
2531,CN1C2=C(C(=O)N(C1=O)C)NC=N2,O=C(O)C1=CC=CC=C1,1,1,0
2542,CN1C2=C(C(=O)N(C1=O)C)NC=N2,N#CC(=O)O,1,1,0
2550,CN1C2=C(C(=O)N(C1=O)C)NC=N2,O=C(O)C1=CC=CC(F)=C1,1,1,0
2551,CN1C2=C(C(=O)N(C1=O)C)NC=N2,IC1=CC=CC(Br)=C1,1,1,0
2556,CN1C2=C(C(=O)N(C1=O)C)NC=N2,O=C1NC(=O)N1,1,1,0
2562,CN1C2=C(C(=O)N(C1=O)C)NC=N2,O=C(O)C1=CC(F)=CC(Br)=C1,1,1,0
2566,CN1C2=C(C(=O)N(C1=O)C)NC=N2,CCCCC(C)C,1,1,0
2567,CN1C2=C(C(=O)N(C1=O)C)NC=N2,CC1=CC=NC=C1,1,1,0
2570,CN1C2=C(C(=O)N(C1=O)C)NC=N2,O=C(O)C1=CC(Cl)=C(Br)C=C1,1,1,0
2591,CN1C2=C(C(=O)N(C1=O)C)NC=N2,C=CCCSC(=O)O,1,1,0
2602,CN1C2=C(C(=O)N(C1=O)C)NC=N2,CS(=O)(=O)O,1,1,0
2619,CN1C2=C(C(=O)N(C1=O)C)NC=N2,CC1=CC=CN=C1,1,1,0
2623,CN1C2=C(C(=O)N(C1=O)C)NC=N2,CC1=CC=CN=C1,1,1,0
2628,CN1C2=C(C(=O)N(C1=O)C)NC=N2,CC1=CC=NC=C1,1,1,0
2648,CN1C2=C(C(=O)N(C1=O)C)NC=N2,CCCC#N,1,1,0
2660,CN1C2=C(C(=O)N(C1=O)C)NC=N2,C1=CSSS1,1,1,0
2663,CN1C2=C(C(=O)N(C1=O)C)NC=N2,CC1=CC=CN=C1,1,1,0
2664,CN1C2=C(C(=O)N(C1=O)C)NC=N2,O=C1C=C(Cl)C(Cl)=NC1,1,1,0
2679,CN1C2=C(C(=O)N(C1=O)C)NC=N2,O=C1C=CC(=O)N1,1,1,0
2681,CN1C2=C(C(=O)N(C1=O)C)NC=N2,IOC1=CC(Br)=CC(Br)=C1,1,1,0
2694,CN1C2=C(C(=O)N(C1=O)C)NC=N2,BrC1=CC=C(Cl)C=C1Br,1,1,0
2708,CN1C2=C(C(=O)N(C1=O)C)NC=N2,IC1=CC=CC(Br)=C1,1,1,0
2721,CN1C2=C(C(=O)N(C1=O)C)NC=N2,COC1=CC=NC=C1,1,1,0
2727,CN1C2=C(C(=O)N(C1=O)C)NC=N2,IC1=CC=CC=C1C=O,1,1,0
2730,CN1C2=C(C(=O)N(C1=O)C)NC=N2,O=C1NN=CN1,1,1,0
2735,CN1C2=C(C(=O)N(C1=O)C)NC=N2,O=C1C=CC(=O)N1,1,1,0
2756,CN1C2=C(C(=O)N(C1=O)C)NC=N2,CS(=O)(=O)O,1,1,0
2759,CN1C2=C(C(=O)N(C1=O)C)NC=N2,O=C(O)C1=CC=C(F)C=C1,1,1,0
2768,CN1C2=C(C(=O)N(C1=O)C)NC=N2,CCCCCCCCCC,1,1,0
2787,CN1C2=C(C(=O)N(C1=O)C)NC=N2,CC1=CC=NC=C1,1,1,0
2790,CN1C2=C(C(=O)N(C1=O)C)NC=N2,N#CC(=O)O,1,1,0
2797,CN1C2=C(C(=O)N(C1=O)C)NC=N2,CC1=CC=C(Cl)C=C1,1,1,0
2798,CN1C2=C(C(=O)N(C1=O)C)NC=N2,CCCC(C)(C)C,1,1,0
2805,CN1C2=C(C(=O)N(C1=O)C)NC=N2,CS(=O)(=O)O,1,1,0
2830,CN1C2=C(C(=O)N(C1=O)C)NC=N2,CCC#CCCCC(C)C,1,1,0
2831,CN1C2=C(C(=O)N(C1=O)C)NC=N2,CC1=CC=NC=C1,1,1,0
2835,CN1C2=C(C(=O)N(C1=O)C)NC=N2,O=C1NC(=O)NC1=O,1,1,0
2883,CN1C2=C(C(=O)N(C1=O)C)NC=N2,N#CC(=O)O,1,1,0
2885,CN1C2=C(C(=O)N(C1=O)C)NC=N2,CC1=CC=NC=C1,1,1,0
2892,CN1C2=C(C(=O)N(C1=O)C)NC=N2,OC1=CC(I)=CC=C1Cl,1,1,0
2894,CN1C2=C(C(=O)N(C1=O)C)NC=N2,CC1=CC=NC=C1,1,1,0
2899,CN1C2=C(C(=O)N(C1=O)C)NC=N2,O=C1C=C(Cl)OC(=S)C(F)=C1,1,1,0
2904,CN1C2=C(C(=O)N(C1=O)C)NC=N2,CCC(C)C,1,1,0
2905,CN1C2=C(C(=O)N(C1=O)C)NC=N2,N#CC(=O)O,1,1,0
2916,CN1C2=C(C(=O)N(C1=O)C)NC=N2,CCCCCCCCCCCCC=C,1,1,0
2918,CN1C2=C(C(=O)N(C1=O)C)NC=N2,IC1=CC=NN1,1,1,0
2920,CN1C2=C(C(=O)N(C1=O)C)NC=N2,O=C1NC(=O)C(=O)N1,1,1,0
2921,CN1C2=C(C(=O)N(C1=O)C)NC=N2,CC(C)=O,1,1,0
2940,CN1C2=C(C(=O)N(C1=O)C)NC=N2,O=C(O)C1=CC(Cl)=C(Cl)C=C1Cl,1,1,0
2942,CN1C2=C(C(=O)N(C1=O)C)NC=N2,CC(=O)OCC,1,1,0
2955,CN1C2=C(C(=O)N(C1=O)C)NC=N2,CC1=CC=NC=C1,1,1,0
2964,CN1C2=C(C(=O)N(C1=O)C)NC=N2,O=C(O)CC(=O)O,1,1,0
2972,CN1C2=C(C(=O)N(C1=O)C)NC=N2,CC1=CC=CN=C1,1,1,0
2977,CN1C2=C(C(=O)N(C1=O)C)NC=N2,IC1=CC=C(Br)C=C1,1,1,0
2982,CN1C2=C(C(=O)N(C1=O)C)NC=N2,O=C1NC(=O)NC1=O,1,1,0
2984,CN1C2=C(C(=O)N(C1=O)C)NC=N2,CC(=O)OCCOC1=CC=CC=C1,1,1,0
2987,CN1C2=C(C(=O)N(C1=O)C)NC=N2,CCC(C)(C)C,1,1,0
2990,CN1C2=C(C(=O)N(C1=O)C)NC=N2,N#CC(=O)O,1,1,0
2992,CN1C2=C(C(=O)N(C1=O)C)NC=N2,O=C(O)C#CC(=O)O,1,1,0
2998,CN1C2=C(C(=O)N(C1=O)C)NC=N2,BrC1=CC=C(O)C=C1,1,1,0
3022,CN1C2=C(C(=O)N(C1=O)C)NC=N2,O=C1NC(=O)C(=O)N1,1,1,0
3028,CN1C2=C(C(=O)N(C1=O)C)NC=N2,O=C(O)C1=CC=CC=C1,1,1,0
3032,CN1C2=C(C(=O)N(C1=O)C)NC=N2,CCCC(C)(C)C,1,1,0
3045,CN1C2=C(C(=O)N(C1=O)C)NC=N2,O=C1C=C(Cl)ON=C1,1,1,0
3047,CN1C2=C(C(=O)N(C1=O)C)NC=N2,N#CC(=O)O,1,1,0
3048,CN1C2=C(C(=O)N(C1=O)C)NC=N2,CCC(C)(C)C,1,1,0
3061,CN1C2=C(C(=O)N(C1=O)C)NC=N2,BrC1=CC=CC=C1Br,1,1,0
3065,CN1C2=C(C(=O)N(C1=O)C)NC=N2,O=C1NC(=O)N1,1,1,0
3066,CN1C2=C(C(=O)N(C1=O)C)NC=N2,BrC1=CC=CN=C1,1,1,0
3072,CN1C2=C(C(=O)N(C1=O)C)NC=N2,BrC1=CC=NC=C1,1,1,0
3074,CN1C2=C(C(=O)N(C1=O)C)NC=N2,IC1=CC(Cl)=CC=C1F,1,1,0
3081,CN1C2=C(C(=O)N(C1=O)C)NC=N2,O=C1NC(=O)C(=O)N1,1,1,0
3084,CN1C2=C(C(=O)N(C1=O)C)NC=N2,CC1=CC=CC=N1,1,1,0
3090,CN1C2=C(C(=O)N(C1=O)C)NC=N2,O=C(I)CCC(=O)O,1,1,0
3095,CN1C2=C(C(=O)N(C1=O)C)NC=N2,O=C1C=CC(=O)N1,1,1,0
3098,CN1C2=C(C(=O)N(C1=O)C)NC=N2,IC1=CNC=C1,1,1,0
3100,CN1C2=C(C(=O)N(C1=O)C)NC=N2,BrC1=CC(O)=CC=C1I,1,1,0
3121,CN1C2=C(C(=O)N(C1=O)C)NC=N2,BrC1=CC=CC(F)=C1,1,1,0
3123,CN1C2=C(C(=O)N(C1=O)C)NC=N2,BrC1=CC=C(Cl)C=C1Cl,1,1,0
3135,CN1C2=C(C(=O)N(C1=O)C)NC=N2,O=C(N1C=CN=C1Cl)Cl,1,1,0
3143,CN1C2=C(C(=O)N(C1=O)C)NC=N2,BrC1=CC=C(Br)C=C1,1,1,0
3151,CN1C2=C(C(=O)N(C1=O)C)NC=N2,CC1=CC=NC=C1,1,1,0
3158,CN1C2=C(C(=O)N(C1=O)C)NC=N2,CC1=CC=NC=C1,1,1,0
3171,CN1C2=C(C(=O)N(C1=O)C)NC=N2,IC1=CN=CS1,1,1,0
3176,CN1C2=C(C(=O)N(C1=O)C)NC=N2,O=C1NC(=O)NC1=O,1,1,0
3192,CN1C2=C(C(=O)N(C1=O)C)NC=N2,CC1=CC=NC=C1,1,1,0
3194,CN1C2=C(C(=O)N(C1=O)C)NC=N2,CC1=CC=NC=C1,1,1,0
3201,CN1C2=C(C(=O)N(C1=O)C)NC=N2,BrC1=CC=CC=C1I,1,1,0
3208,CN1C2=C(C(=O)N(C1=O)C)NC=N2,CC1=CC=NC=C1,1,1,0
3224,CN1C2=C(C(=O)N(C1=O)C)NC=N2,CC1=CC=NC=C1,1,1,0
3244,CN1C2=C(C(=O)N(C1=O)C)NC=N2,CC1=CC=NC=C1,1,1,0
3255,CN1C2=C(C(=O)N(C1=O)C)NC=N2,CC1=NNC(=S)S1,1,1,0
3257,CN1C2=C(C(=O)N(C1=O)C)NC=N2,N#CC1=CC=C(F)C(O)=C1,1,1,0
3261,CN1C2=C(C(=O)N(C1=O)C)NC=N2,IC1=CC=C(I)C(C(=O)O)=C1,1,1,0
3265,CN1C2=C(C(=O)N(C1=O)C)NC=N2,CC1=CC=NC=C1,1,1,0
3268,CN1C2=C(C(=O)N(C1=O)C)NC=N2,CC1=CC=NC=C1,1,1,0
3279,CN1C2=C(C(=O)N(C1=O)C)NC=N2,BrC1=CC=CC(Cl)=C1,1,1,0
3286,CN1C2=C(C(=O)N(C1=O)C)NC=N2,CC1=CC=NC=C1,1,1,0
3313,CN1C2=C(C(=O)N(C1=O)C)NC=N2,O=C1NC(=O)N1,1,1,0
3318,CN1C2=C(C(=O)N(C1=O)C)NC=N2,O=C1NC(=O)C(=O)N1,1,1,0
3320,CN1C2=C(C(=O)N(C1=O)C)NC=N2,CC1=CC=CN=C1,1,1,0
3322,CN1C2=C(C(=O)N(C1=O)C)NC=N2,CC(C)(C)C#N,1,1,0
3326,CN1C2=C(C(=O)N(C1=O)C)NC=N2,CC1=CC=CN=C1,1,1,0
3330,CN1C2=C(C(=O)N(C1=O)C)NC=N2,BrC1=CC=C(Cl)C=C1I,1,1,0
3336,CN1C2=C(C(=O)N(C1=O)C)NC=N2,C=CC,1,1,0
3341,CN1C2=C(C(=O)N(C1=O)C)NC=N2,C1=CC=NC=C1,1,1,0
3349,CN1C2=C(C(=O)N(C1=O)C)NC=N2,O=C1C=CC(=O)N1,1,1,0
3366,CN1C2=C(C(=O)N(C1=O)C)NC=N2,CCC#N,1,1,0
3372,CN1C2=C(C(=O)N(C1=O)C)NC=N2,CC1=CC=NC=C1,1,1,0
3373,CN1C2=C(C(=O)N(C1=O)C)NC=N2,O=C1NC(=O)C(=O)N1,1,1,0
3378,CN1C2=C(C(=O)N(C1=O)C)NC=N2,O=NC1=CC=C(Cl)C=C1,1,1,0
3390,CN1C2=C(C(=O)N(C1=O)C)NC=N2,O=C(O)C1=CC=CC(F)=C1,1,1,0
3404,CN1C2=C(C(=O)N(C1=O)C)NC=N2,CC(C)(C)SSC,1,1,0
3407,CN1C2=C(C(=O)N(C1=O)C)NC=N2,CC1=CC=NC=C1,1,1,0
3408,CN1C2=C(C(=O)N(C1=O)C)NC=N2,IC1=CN=CC=C1,1,1,0
3413,CN1C2=C(C(=O)N(C1=O)C)NC=N2,CCCC#N,1,1,0
3431,CN1C2=C(C(=O)N(C1=O)C)NC=N2,O=C1C=CC(=O)N1,1,1,0
3433,CN1C2=C(C(=O)N(C1=O)C)NC=N2,O=C(O)C1=CC=CC=C1F,1,1,0
3439,CN1C2=C(C(=O)N(C1=O)C)NC=N2,CC1=CC=NC=C1,1,1,0
3457,CN1C2=C(C(=O)N(C1=O)C)NC=N2,N#CC1=CC=NC=C1,1,1,0
3467,CN1C2=C(C(=O)N(C1=O)C)NC=N2,O=C(O)C1=CC(F)=C(I)C=C1,1,1,0
3469,CN1C2=C(C(=O)N(C1=O)C)NC=N2,IC1=CC=C(I)C(C(=O)O)=C1,1,1,0
3471,CN1C2=C(C(=O)N(C1=O)C)NC=N2,IC1=CC=CC=C1Br,1,1,0
3476,CN1C2=C(C(=O)N(C1=O)C)NC=N2,BrC1=CC=C(Cl)C=C1,1,1,0
3480,CN1C2=C(C(=O)N(C1=O)C)NC=N2,CCC(C)(C)CC(C)C,1,1,0
3497,CN1C2=C(C(=O)N(C1=O)C)NC=N2,CC1=CC=CN=C1,1,1,0
3510,CN1C2=C(C(=O)N(C1=O)C)NC=N2,BrC1=CC=C(O)C(Cl)=C1,1,1,0
3517,CN1C2=C(C(=O)N(C1=O)C)NC=N2,N#CC1=CC=NC=C1,1,1,0
3518,CN1C2=C(C(=O)N(C1=O)C)NC=N2,O=C(O)C1=CC=CC=C1,1,1,0
3529,CN1C2=C(C(=O)N(C1=O)C)NC=N2,IC1=C(Cl)C=CC=C1Br,1,1,0
3531,CN1C2=C(C(=O)N(C1=O)C)NC=N2,BrC1=CC=CC=C1,1,1,0
3532,CN1C2=C(C(=O)N(C1=O)C)NC=N2,BrC1=CC=CC(Br)=C1,1,1,0
3538,CN1C2=C(C(=O)N(C1=O)C)NC=N2,N#CC(=O)O,1,1,0
3539,CN1C2=C(C(=O)N(C1=O)C)NC=N2,CC1=CC=NC=C1,1,1,0
3542,CN1C2=C(C(=O)N(C1=O)C)NC=N2,O=C1C=CC(Cl)=NC=N1,1,1,0
3553,CN1C2=C(C(=O)N(C1=O)C)NC=N2,N#CC1=CC=NC=C1,1,1,0
3568,CN1C2=C(C(=O)N(C1=O)C)NC=N2,O=C1C=CSS1,1,1,0
3569,CN1C2=C(C(=O)N(C1=O)C)NC=N2,N#CC(=O)O,1,1,0
3593,CN1C2=C(C(=O)N(C1=O)C)NC=N2,FC1=CC=C(Br)C=C1,1,1,0
3599,CN1C2=C(C(=O)N(C1=O)C)NC=N2,IC1=CC=CC(Br)=C1,1,1,0
3606,CN1C2=C(C(=O)N(C1=O)C)NC=N2,CCC#N,1,1,0
3610,CN1C2=C(C(=O)N(C1=O)C)NC=N2,O=C(O)C1=CC=CC=C1,1,1,0
3612,CN1C2=C(C(=O)N(C1=O)C)NC=N2,O=C(O)CC(Cl)Cl,1,1,0
3614,CN1C2=C(C(=O)N(C1=O)C)NC=N2,BrC1=CC=C(F)C=C1Br,1,1,0
3615,CN1C2=C(C(=O)N(C1=O)C)NC=N2,CCC(C)(C)C,1,1,0
3626,CN1C2=C(C(=O)N(C1=O)C)NC=N2,CC1=NNC(=S)S1,1,1,0
3634,CN1C2=C(C(=O)N(C1=O)C)NC=N2,O=C(O)CSSC1=CC=C(Br)C=C1,1,1,0
3650,CN1C2=C(C(=O)N(C1=O)C)NC=N2,O=C1C=C(Cl)C(=O)O1,1,1,0
3660,CN1C2=C(C(=O)N(C1=O)C)NC=N2,CC1=CC=NC=C1,1,1,0
3667,CN1C2=C(C(=O)N(C1=O)C)NC=N2,CC1=CC=NC=C1,1,1,0
3673,CN1C2=C(C(=O)N(C1=O)C)NC=N2,N#CC(=O)O,1,1,0
3677,CN1C2=C(C(=O)N(C1=O)C)NC=N2,CC(C)(C)C#N,1,1,0
3678,CN1C2=C(C(=O)N(C1=O)C)NC=N2,N#CC1=CC=CN=C1,1,1,0
3682,CN1C2=C(C(=O)N(C1=O)C)NC=N2,BrC1=CC=C(Br)C=C1,1,1,0
3683,CN1C2=C(C(=O)N(C1=O)C)NC=N2,N#CC(=O)O,1,1,0
3694,CN1C2=C(C(=O)N(C1=O)C)NC=N2,CC1=CC=CC=C1Br,1,1,0
3700,CN1C2=C(C(=O)N(C1=O)C)NC=N2,O=C(O)C1=CC(Cl)=CC(F)=C1,1,1,0
3702,CN1C2=C(C(=O)N(C1=O)C)NC=N2,O=C(O)C1=CC=CC=C1F,1,1,0
3703,CN1C2=C(C(=O)N(C1=O)C)NC=N2,CC1=CC=NC=C1,1,1,0
3708,CN1C2=C(C(=O)N(C1=O)C)NC=N2,O=C(O)C1=CC=CC=C1,1,1,0
3711,CN1C2=C(C(=O)N(C1=O)C)NC=N2,O=C1C=CC(=O)N1,1,1,0
3715,CN1C2=C(C(=O)N(C1=O)C)NC=N2,CC(O)CCCC(C)C,1,1,0
3718,CN1C2=C(C(=O)N(C1=O)C)NC=N2,O=CC1=CC=C(Cl)C(Cl)=C1,1,1,0
3720,CN1C2=C(C(=O)N(C1=O)C)NC=N2,FC1=CC=CC(Br)=C1,1,1,0
3729,CN1C2=C(C(=O)N(C1=O)C)NC=N2,N#CC(=O)OCC(Cl)O,1,1,0
3732,CN1C2=C(C(=O)N(C1=O)C)NC=N2,IC1=CC(Cl)=C(Cl)C(Cl)=C1,1,1,0
3734,CN1C2=C(C(=O)N(C1=O)C)NC=N2,CC1=CC=NC=C1,1,1,0
3737,CN1C2=C(C(=O)N(C1=O)C)NC=N2,O=C1NC(=O)NC1=O,1,1,0
3744,CN1C2=C(C(=O)N(C1=O)C)NC=N2,CC1=CC=NC=C1,1,1,0
3749,CN1C2=C(C(=O)N(C1=O)C)NC=N2,CC1=CC=NC=C1,1,1,0
3762,CN1C2=C(C(=O)N(C1=O)C)NC=N2,CC1=CC=NC=C1,1,1,0
3765,CN1C2=C(C(=O)N(C1=O)C)NC=N2,N#CC(=O)O,1,1,0
3783,CN1C2=C(C(=O)N(C1=O)C)NC=N2,CC1=CC=NC=C1,1,1,0
3791,CN1C2=C(C(=O)N(C1=O)C)NC=N2,CC1=CC=NC=C1,1,1,0
3792,CN1C2=C(C(=O)N(C1=O)C)NC=N2,CC1=CC=NC=C1,1,1,0
3794,CN1C2=C(C(=O)N(C1=O)C)NC=N2,O=C(O)C1=CC=C(F)C=C1,1,1,0
3795,CN1C2=C(C(=O)N(C1=O)C)NC=N2,ClC1=CC=C(F)C=C1,1,1,0
3814,CN1C2=C(C(=O)N(C1=O)C)NC=N2,BrC1=CC=CC=C1,1,1,0
3819,CN1C2=C(C(=O)N(C1=O)C)NC=N2,C#CCC#N,1,1,0
3839,CN1C2=C(C(=O)N(C1=O)C)NC=N2,O=C1C=CC(=O)N1,1,1,0
3859,CN1C2=C(C(=O)N(C1=O)C)NC=N2,BrC1=CC=CC=C1I,1,1,0
3874,CN1C2=C(C(=O)N(C1=O)C)NC=N2,C#CC1=CC=C(Br)C=C1,1,1,0
3883,CN1C2=C(C(=O)N(C1=O)C)NC=N2,O=C1C=CC(=O)C(Cl)=C1,1,1,0
3891,CN1C2=C(C(=O)N(C1=O)C)NC=N2,O=C1C=CC(=O)N1,1,1,0
3893,CN1C2=C(C(=O)N(C1=O)C)NC=N2,FC1=CC=CN=C1,1,1,0
3895,CN1C2=C(C(=O)N(C1=O)C)NC=N2,O=C(O)C1=CC=CC(F)=C1,1,1,0
3899,CN1C2=C(C(=O)N(C1=O)C)NC=N2,FC1=CC=CC=C1Cl,1,1,0
3901,CN1C2=C(C(=O)N(C1=O)C)NC=N2,O=C1NC(=O)C(=O)N1,1,1,0
3928,CN1C2=C(C(=O)N(C1=O)C)NC=N2,BrC1=CC=CC=C1,1,1,0
3957,CN1C2=C(C(=O)N(C1=O)C)NC=N2,CC(C)CCCCCO,1,1,0
3959,CN1C2=C(C(=O)N(C1=O)C)NC=N2,O=C1NC(=O)NC1=O,1,1,0
3975,CN1C2=C(C(=O)N(C1=O)C)NC=N2,CCCBr,1,1,0
3978,CN1C2=C(C(=O)N(C1=O)C)NC=N2,BrC1=CC=CC=C1,1,1,0
3983,CN1C2=C(C(=O)N(C1=O)C)NC=N2,O=COC1=CC=CC=C1I,1,1,0
3991,CN1C2=C(C(=O)N(C1=O)C)NC=N2,BrC1=CC=C(F)C=C1,1,1,0
3995,CN1C2=C(C(=O)N(C1=O)C)NC=N2,FC1=CN=CN=C1,1,1,0
3996,CN1C2=C(C(=O)N(C1=O)C)NC=N2,N#CC(=O)OCC(Cl)Cl,1,1,0
3998,CN1C2=C(C(=O)N(C1=O)C)NC=N2,CC1=CC=NC=C1,1,1,0
3999,CN1C2=C(C(=O)N(C1=O)C)NC=N2,O=C1NC(=O)C(=O)O1,1,1,0
4009,CN1C2=C(C(=O)N(C1=O)C)NC=N2,CC1=CC=NC=C1,1,1,0
4019,CN1C2=C(C(=O)N(C1=O)C)NC=N2,O=C(O)Cl,1,1,0
4023,CN1C2=C(C(=O)N(C1=O)C)NC=N2,O=C(O)C1=CC(Cl)=C(Br)C(F)=C1,1,1,0
4029,CN1C2=C(C(=O)N(C1=O)C)NC=N2,O=C1C=CC(=O)N1,1,1,0
4031,CN1C2=C(C(=O)N(C1=O)C)NC=N2,IC1=CC(Cl)=C(Br)C(Br)=C1,1,1,0
4056,CN1C2=C(C(=O)N(C1=O)C)NC=N2,BrC1=CC=C(Br)C=C1,1,1,0
4062,CN1C2=C(C(=O)N(C1=O)C)NC=N2,CC1=CC=CC=N1,1,1,0
4079,CN1C2=C(C(=O)N(C1=O)C)NC=N2,N#CC1=CC=CC(F)=C1,1,1,0
4088,CN1C2=C(C(=O)N(C1=O)C)NC=N2,N#CC1=CC=C(S(=O)(=O)O)C=C1,1,1,0
4089,CN1C2=C(C(=O)N(C1=O)C)NC=N2,O=C1NC(=O)C(=O)N1,1,1,0
4092,CN1C2=C(C(=O)N(C1=O)C)NC=N2,CC1=CC=CC(Br)=C1,1,1,0
4094,CN1C2=C(C(=O)N(C1=O)C)NC=N2,O=C(O)C1=CC=CC=C1,1,1,0
4102,CN1C2=C(C(=O)N(C1=O)C)NC=N2,BrC1=CC=CC=C1Br,1,1,0
4104,CN1C2=C(C(=O)N(C1=O)C)NC=N2,O=C1C=CC(=O)N1,1,1,0
4107,CN1C2=C(C(=O)N(C1=O)C)NC=N2,CC1=CC=CN=C1,1,1,0
4137,CN1C2=C(C(=O)N(C1=O)C)NC=N2,IC1=CC=CC=C1F,1,1,0
4139,CN1C2=C(C(=O)N(C1=O)C)NC=N2,O=NC1=CC=CC(O)=C1,1,1,0
4144,CN1C2=C(C(=O)N(C1=O)C)NC=N2,C1=CC=CC=C1C(=O)O,1,1,0
4157,CN1C2=C(C(=O)N(C1=O)C)NC=N2,IC1=CC=CN=C1,1,1,0
4162,CN1C2=C(C(=O)N(C1=O)C)NC=N2,O=C1C=CC(=O)O1,1,1,0
4167,CN1C2=C(C(=O)N(C1=O)C)NC=N2,CCC(C)(C)C,1,1,0
4168,CN1C2=C(C(=O)N(C1=O)C)NC=N2,O=CC1=CC=CN=C1,1,1,0
4177,CN1C2=C(C(=O)N(C1=O)C)NC=N2,O=C(O)C1=CC=CC=C1,1,1,0
4182,CN1C2=C(C(=O)N(C1=O)C)NC=N2,N#CC#CC1=CC=NC=C1,1,1,0
4185,CN1C2=C(C(=O)N(C1=O)C)NC=N2,O=C1NC(=O)C(=O)N1,1,1,0
4193,CN1C2=C(C(=O)N(C1=O)C)NC=N2,N#CC1=CC=CN=C1,1,1,0
4198,CN1C2=C(C(=O)N(C1=O)C)NC=N2,IC1=NC=CC=N1,1,1,0
4217,CN1C2=C(C(=O)N(C1=O)C)NC=N2,N#CC(=O)O,1,1,0
4222,CN1C2=C(C(=O)N(C1=O)C)NC=N2,O=C1C=CC(=O)N1,1,1,0
4227,CN1C2=C(C(=O)N(C1=O)C)NC=N2,O=CC1=CC=CN=C1,1,1,0
4231,CN1C2=C(C(=O)N(C1=O)C)NC=N2,COC1=CC=CN=C1,1,1,0
4234,CN1C2=C(C(=O)N(C1=O)C)NC=N2,CC(=O)OCCBr,1,1,0
4242,CN1C2=C(C(=O)N(C1=O)C)NC=N2,N#CC1=CC=CC=C1I,1,1,0
4243,CN1C2=C(C(=O)N(C1=O)C)NC=N2,CC(C)(C)CI,1,1,0
4246,CN1C2=C(C(=O)N(C1=O)C)NC=N2,CC1=CC=CN=C1,1,1,0
4248,CN1C2=C(C(=O)N(C1=O)C)NC=N2,IC1=CC(O)=CC(Br)=C1,1,1,0
4260,CN1C2=C(C(=O)N(C1=O)C)NC=N2,CC1=CC=NC=C1,1,1,0
4261,CN1C2=C(C(=O)N(C1=O)C)NC=N2,BrC1=CC=C(I)C=C1,1,1,0
4262,CN1C2=C(C(=O)N(C1=O)C)NC=N2,CCC(C)(C)C,1,1,0
4269,CN1C2=C(C(=O)N(C1=O)C)NC=N2,CC1=CC=NC=C1,1,1,0
4302,CN1C2=C(C(=O)N(C1=O)C)NC=N2,CC1=CC=NC=C1,1,1,0
4308,CN1C2=C(C(=O)N(C1=O)C)NC=N2,CC1=CC=NC=C1,1,1,0
4321,CN1C2=C(C(=O)N(C1=O)C)NC=N2,CC1=NC(=S)SC(O)=N1,1,1,0
4330,CN1C2=C(C(=O)N(C1=O)C)NC=N2,O=C1NC(=O)C(=O)N1,1,1,0
4331,CN1C2=C(C(=O)N(C1=O)C)NC=N2,CC1=CC=CC(Br)=C1,1,1,0
4343,CN1C2=C(C(=O)N(C1=O)C)NC=N2,C1=CC=CC2=CC=CC=C12,1,1,0
4348,CN1C2=C(C(=O)N(C1=O)C)NC=N2,CCCC(C)C,1,1,0
4349,CN1C2=C(C(=O)N(C1=O)C)NC=N2,CCCC(C)C,1,1,0
4369,CN1C2=C(C(=O)N(C1=O)C)NC=N2,CC(C)(C)CC#C,1,1,0
4372,CN1C2=C(C(=O)N(C1=O)C)NC=N2,CC1=CC=CN=C1,1,1,0
4381,CN1C2=C(C(=O)N(C1=O)C)NC=N2,O=C1C=CC(=O)N1,1,1,0
4395,CN1C2=C(C(=O)N(C1=O)C)NC=N2,CCCC(C)(C)C,1,1,0
4401,CN1C2=C(C(=O)N(C1=O)C)NC=N2,CCC#N,1,1,0
4403,CN1C2=C(C(=O)N(C1=O)C)NC=N2,O=C1SC=C(Cl)S1,1,1,0
4405,CN1C2=C(C(=O)N(C1=O)C)NC=N2,BrC1=CC=CC=C1,1,1,0
4412,CN1C2=C(C(=O)N(C1=O)C)NC=N2,CC1=CC=NC=C1,1,1,0
4434,CN1C2=C(C(=O)N(C1=O)C)NC=N2,O=C(O)C1=CC=CC=C1,1,1,0
4437,CN1C2=C(C(=O)N(C1=O)C)NC=N2,BrC1=CC=CC=C1I,1,1,0
4441,CN1C2=C(C(=O)N(C1=O)C)NC=N2,O=C(O)C1=CC=CC=C1,1,1,0
4448,CN1C2=C(C(=O)N(C1=O)C)NC=N2,O=C(O)C1=CC=C(F)C=C1,1,1,0
4452,CN1C2=C(C(=O)N(C1=O)C)NC=N2,O=C1NC(=O)C(=O)N1,1,1,0
4459,CN1C2=C(C(=O)N(C1=O)C)NC=N2,C=CC#CC=CC,1,1,0
4472,CN1C2=C(C(=O)N(C1=O)C)NC=N2,CC1=CC=NC=C1,1,1,0
4480,CN1C2=C(C(=O)N(C1=O)C)NC=N2,COC1=CC=NC=C1,1,1,0
4497,CN1C2=C(C(=O)N(C1=O)C)NC=N2,O=C1C=CC(=O)N1,1,1,0
4501,CN1C2=C(C(=O)N(C1=O)C)NC=N2,IC1=CN=CC=C1,1,1,0
4503,CN1C2=C(C(=O)N(C1=O)C)NC=N2,CC1=CC=NC=C1,1,1,0
4529,CN1C2=C(C(=O)N(C1=O)C)NC=N2,BrC1=CC=CC=C1Cl,1,1,0
4534,CN1C2=C(C(=O)N(C1=O)C)NC=N2,CC1=CC=NC=C1,1,1,0
4539,CN1C2=C(C(=O)N(C1=O)C)NC=N2,N#CC1=CC=NC=C1,1,1,0
4568,CN1C2=C(C(=O)N(C1=O)C)NC=N2,CC1=CC=NC=C1,1,1,0
4569,CN1C2=C(C(=O)N(C1=O)C)NC=N2,N#CCCCCC#N,1,1,0
4574,CN1C2=C(C(=O)N(C1=O)C)NC=N2,CCC(C)(C)C,1,1,0
4586,CN1C2=C(C(=O)N(C1=O)C)NC=N2,O=C1C=CC(Cl)=CC=C1I,1,1,0
4588,CN1C2=C(C(=O)N(C1=O)C)NC=N2,O=C(O)C1=CC=CC=C1,1,1,0
4590,CN1C2=C(C(=O)N(C1=O)C)NC=N2,CC1=CC=CO1,1,1,0
4591,CN1C2=C(C(=O)N(C1=O)C)NC=N2,O=C1C=CC(=O)N1,1,1,0
4608,CN1C2=C(C(=O)N(C1=O)C)NC=N2,O=C(O)C1=CC(Cl)=CC=C1Cl,1,1,0
4610,CN1C2=C(C(=O)N(C1=O)C)NC=N2,CN1C=NC(Cl)=CC=N1,1,1,0
4612,CN1C2=C(C(=O)N(C1=O)C)NC=N2,FC1=CC=CC=C1,1,1,0
4623,CN1C2=C(C(=O)N(C1=O)C)NC=N2,O=C(O)CC(=O)O,1,1,0
4631,CN1C2=C(C(=O)N(C1=O)C)NC=N2,O=C1NC(=O)N1,1,1,0
4642,CN1C2=C(C(=O)N(C1=O)C)NC=N2,IC1=CNC=C1,1,1,0
4649,CN1C2=C(C(=O)N(C1=O)C)NC=N2,N#CCC(=O)O,1,1,0
4654,CN1C2=C(C(=O)N(C1=O)C)NC=N2,COC1=CC=NC=C1,1,1,0
4660,CN1C2=C(C(=O)N(C1=O)C)NC=N2,CC1=CC=NC=C1,1,1,0
4666,CN1C2=C(C(=O)N(C1=O)C)NC=N2,FC1=CN=CC=C1,1,1,0
4679,CN1C2=C(C(=O)N(C1=O)C)NC=N2,N#CCCC(=O)O,1,1,0
4682,CN1C2=C(C(=O)N(C1=O)C)NC=N2,N#CC(=O)O,1,1,0
4683,CN1C2=C(C(=O)N(C1=O)C)NC=N2,CC1=CC=NC=C1,1,1,0
4698,CN1C2=C(C(=O)N(C1=O)C)NC=N2,CCCCCCCOC,1,1,0
4703,CN1C2=C(C(=O)N(C1=O)C)NC=N2,BrC1=CC=C(Cl)C=C1,1,1,0
4706,CN1C2=C(C(=O)N(C1=O)C)NC=N2,IC1=CC=CC=C1Br,1,1,0
4712,CN1C2=C(C(=O)N(C1=O)C)NC=N2,CC1=CC=NC=C1,1,1,0
4716,CN1C2=C(C(=O)N(C1=O)C)NC=N2,O=C1C=CC=NC=C1,1,1,0
4717,CN1C2=C(C(=O)N(C1=O)C)NC=N2,CCCCC(C)C,1,1,0
4728,CN1C2=C(C(=O)N(C1=O)C)NC=N2,N#CC1=CC=CC(Br)=C1,1,1,0
4742,CN1C2=C(C(=O)N(C1=O)C)NC=N2,CC1=CC=NC=C1,1,1,0
4761,CN1C2=C(C(=O)N(C1=O)C)NC=N2,BrC1=CC=C(F)C(F)=C1,1,1,0
4763,CN1C2=C(C(=O)N(C1=O)C)NC=N2,BrC1=CC=C(Br)C=C1,1,1,0
4768,CN1C2=C(C(=O)N(C1=O)C)NC=N2,C1=CON=C1,1,1,0
4777,CN1C2=C(C(=O)N(C1=O)C)NC=N2,CC1=CC=NC=C1,1,1,0
4782,CN1C2=C(C(=O)N(C1=O)C)NC=N2,CCCCCCCCCCCCCCCCCCCCCCCCC=C,1,1,0
4788,CN1C2=C(C(=O)N(C1=O)C)NC=N2,IC1=CNC=C1,1,1,0
4797,CN1C2=C(C(=O)N(C1=O)C)NC=N2,O=CC1=CC(F)=CC=C1I,1,1,0
4798,CN1C2=C(C(=O)N(C1=O)C)NC=N2,CCC(C)(C)C,1,1,0
4810,CN1C2=C(C(=O)N(C1=O)C)NC=N2,COC1=CC=NC=C1,1,1,0
4812,CN1C2=C(C(=O)N(C1=O)C)NC=N2,CC1=CC=NC=C1,1,1,0
4820,CN1C2=C(C(=O)N(C1=O)C)NC=N2,N#CC1=CC(C(=O)O)=CC(Br)=C1,1,1,0
4824,CN1C2=C(C(=O)N(C1=O)C)NC=N2,O=C1C=CC(=O)N1,1,1,0
4826,CN1C2=C(C(=O)N(C1=O)C)NC=N2,IOC1=CC=C(Br)C(O)=C1,1,1,0
4834,CN1C2=C(C(=O)N(C1=O)C)NC=N2,CC1=CC=NC=C1,1,1,0
4842,CN1C2=C(C(=O)N(C1=O)C)NC=N2,CCC#N,1,1,0
4846,CN1C2=C(C(=O)N(C1=O)C)NC=N2,CC(C)(C)CCCCO,1,1,0
4847,CN1C2=C(C(=O)N(C1=O)C)NC=N2,CCCCCCCCCCCCC=C,1,1,0
4848,CN1C2=C(C(=O)N(C1=O)C)NC=N2,C=CC(C)=O,1,1,0
4851,CN1C2=C(C(=O)N(C1=O)C)NC=N2,COC1=CC=NC=C1,1,1,0
4854,CN1C2=C(C(=O)N(C1=O)C)NC=N2,O=C1NC(=O)C(=O)N1,1,1,0
4856,CN1C2=C(C(=O)N(C1=O)C)NC=N2,CCC(C)(C)C,1,1,0
4858,CN1C2=C(C(=O)N(C1=O)C)NC=N2,O=C1NC(=O)C(=O)N1,1,1,0
4861,CN1C2=C(C(=O)N(C1=O)C)NC=N2,O=CC1=CC=C(Cl)C(Cl)=C1,1,1,0
4870,CN1C2=C(C(=O)N(C1=O)C)NC=N2,CC1=CC=NC=C1,1,1,0
4872,CN1C2=C(C(=O)N(C1=O)C)NC=N2,CC1=CC=NC=C1,1,1,0
4878,CN1C2=C(C(=O)N(C1=O)C)NC=N2,CC(C)(C)SC,1,1,0
4889,CN1C2=C(C(=O)N(C1=O)C)NC=N2,CC1=CC=CN=C1,1,1,0
4890,CN1C2=C(C(=O)N(C1=O)C)NC=N2,CCCC(C)C,1,1,0
4894,CN1C2=C(C(=O)N(C1=O)C)NC=N2,CC1=CC=CN=C1,1,1,0
4926,CN1C2=C(C(=O)N(C1=O)C)NC=N2,CC1=CC=CN=C1,1,1,0
4951,CN1C2=C(C(=O)N(C1=O)C)NC=N2,O=C1NC(=O)N1,1,1,0
4958,CN1C2=C(C(=O)N(C1=O)C)NC=N2,O=C(O)C1=C(N=O)C=CC=C1F,1,1,0
4970,CN1C2=C(C(=O)N(C1=O)C)NC=N2,CC1=CC=NC=C1,1,1,0
4978,CN1C2=C(C(=O)N(C1=O)C)NC=N2,CC1=CC=NC=C1,1,1,0
4981,CN1C2=C(C(=O)N(C1=O)C)NC=N2,CS(=O)(=O)O,1,1,0
4992,CN1C2=C(C(=O)N(C1=O)C)NC=N2,IC1=CC=CC=C1,1,1,0
5003,CN1C2=C(C(=O)N(C1=O)C)NC=N2,CC1=CC=NC=C1,1,1,0
5017,CN1C2=C(C(=O)N(C1=O)C)NC=N2,N#CCCCC,1,1,0
5018,CN1C2=C(C(=O)N(C1=O)C)NC=N2,CC1=CC=CN=C1,1,1,0
5025,CN1C2=C(C(=O)N(C1=O)C)NC=N2,FC1=CC=CN=C1,1,1,0
5031,CN1C2=C(C(=O)N(C1=O)C)NC=N2,CC1=CC=NC=C1,1,1,0
5037,CN1C2=C(C(=O)N(C1=O)C)NC=N2,C1=NNC=N1,1,1,0
5046,CN1C2=C(C(=O)N(C1=O)C)NC=N2,CC1=CC=CC(Br)=C1,1,1,0
5051,CN1C2=C(C(=O)N(C1=O)C)NC=N2,O=C(O)C(=O)O,1,1,0
5052,CN1C2=C(C(=O)N(C1=O)C)NC=N2,IC1=CC(I)=CC=C1Cl,1,1,0
5058,CN1C2=C(C(=O)N(C1=O)C)NC=N2,CC1=CC=CN=C1,1,1,0
5070,CN1C2=C(C(=O)N(C1=O)C)NC=N2,CCCCCCC=C(C)C,1,1,0
5073,CN1C2=C(C(=O)N(C1=O)C)NC=N2,CC1=CC=NC=C1,1,1,0
5076,CN1C2=C(C(=O)N(C1=O)C)NC=N2,N#CC(=O)O,1,1,0
5102,CN1C2=C(C(=O)N(C1=O)C)NC=N2,ClC1=CN=CC=C1,1,1,0
5106,CN1C2=C(C(=O)N(C1=O)C)NC=N2,CC1=CC=NC=C1,1,1,0
5111,CN1C2=C(C(=O)N(C1=O)C)NC=N2,O=C(O)C1=CC=C(Cl)C(Cl)=C1,1,1,0
5114,CN1C2=C(C(=O)N(C1=O)C)NC=N2,N#CC1=CC=NC=C1,1,1,0
5118,CN1C2=C(C(=O)N(C1=O)C)NC=N2,O=C(O)C1=CC=CC(F)=C1,1,1,0
5120,CN1C2=C(C(=O)N(C1=O)C)NC=N2,FC1=CC=CC(C(=O)O)=C1,1,1,0
5124,CN1C2=C(C(=O)N(C1=O)C)NC=N2,O=C1NC(=O)C(=O)C1=O,1,1,0
5129,CN1C2=C(C(=O)N(C1=O)C)NC=N2,CCCCCC(C)C,1,1,0
5143,CN1C2=C(C(=O)N(C1=O)C)NC=N2,CC1=CC=NC=C1,1,1,0
5147,CN1C2=C(C(=O)N(C1=O)C)NC=N2,CCC#N,1,1,0
5156,CN1C2=C(C(=O)N(C1=O)C)NC=N2,N#CC(=O)O,1,1,0
5159,CN1C2=C(C(=O)N(C1=O)C)NC=N2,O=C1NC(=O)C(=O)N1,1,1,0
5163,CN1C2=C(C(=O)N(C1=O)C)NC=N2,FC1=CC=CC=C1Br,1,1,0
5171,CN1C2=C(C(=O)N(C1=O)C)NC=N2,O=C(O)CC(Cl)Cl,1,1,0
5179,CN1C2=C(C(=O)N(C1=O)C)NC=N2,N#CC1=CC(F)=CC=C1Cl,1,1,0
5188,CN1C2=C(C(=O)N(C1=O)C)NC=N2,CC1=CC=NC=C1,1,1,0
5204,CN1C2=C(C(=O)N(C1=O)C)NC=N2,O=C1C=CC=NC=C1,1,1,0
5241,CN1C2=C(C(=O)N(C1=O)C)NC=N2,N#CC1=CC=CN=C1,1,1,0
5253,CN1C2=C(C(=O)N(C1=O)C)NC=N2,CCCCC(C)C,1,1,0
5292,CN1C2=C(C(=O)N(C1=O)C)NC=N2,N#CC(=O)O,1,1,0
5301,CN1C2=C(C(=O)N(C1=O)C)NC=N2,O=C1NC(=O)NC1=O,1,1,0
5303,CN1C2=C(C(=O)N(C1=O)C)NC=N2,O=C1NC(=O)N1,1,1,0
5314,CN1C2=C(C(=O)N(C1=O)C)NC=N2,O=C(O)C1=CC=CC=C1,1,1,0
5323,CN1C2=C(C(=O)N(C1=O)C)NC=N2,C1=CC=NC=C1,1,1,0
5327,CN1C2=C(C(=O)N(C1=O)C)NC=N2,O=CC1=CC(F)=CC=C1F,1,1,0
5330,CN1C2=C(C(=O)N(C1=O)C)NC=N2,N#CC1=CC=CC=N1,1,1,0
5345,CN1C2=C(C(=O)N(C1=O)C)NC=N2,CCCCCCCC,1,1,0
5372,CN1C2=C(C(=O)N(C1=O)C)NC=N2,IC1=CC=CC(Br)=C1,1,1,0
5379,CN1C2=C(C(=O)N(C1=O)C)NC=N2,O=C1NC(=O)N1,1,1,0
5382,CN1C2=C(C(=O)N(C1=O)C)NC=N2,C#CCCCCCC(C)C,1,1,0
5387,CN1C2=C(C(=O)N(C1=O)C)NC=N2,O=C1NC(=O)N1,1,1,0
5392,CN1C2=C(C(=O)N(C1=O)C)NC=N2,O=C1C=CC(Cl)=CC=C1Cl,1,1,0
5401,CN1C2=C(C(=O)N(C1=O)C)NC=N2,CN(C)C1=CSS1,1,1,0
5409,CN1C2=C(C(=O)N(C1=O)C)NC=N2,O=CC1=CC=CC=C1,1,1,0
5415,CN1C2=C(C(=O)N(C1=O)C)NC=N2,CC1=CC=CN=C1,1,1,0
5422,CN1C2=C(C(=O)N(C1=O)C)NC=N2,IOC1=CC=CN=C1,1,1,0
5423,CN1C2=C(C(=O)N(C1=O)C)NC=N2,CC1=CC=NC=C1,1,1,0
5444,CN1C2=C(C(=O)N(C1=O)C)NC=N2,O=C1NC(=O)NC1=O,1,1,0
5451,CN1C2=C(C(=O)N(C1=O)C)NC=N2,COC1=CC=NC=C1,1,1,0
5459,CN1C2=C(C(=O)N(C1=O)C)NC=N2,O=C1C=CC(Cl)=CS1,1,1,0
5468,CN1C2=C(C(=O)N(C1=O)C)NC=N2,BrC1=CC=CC=C1Cl,1,1,0
5481,CN1C2=C(C(=O)N(C1=O)C)NC=N2,BrC1=CC=C(I)C(Cl)=C1,1,1,0
5483,CN1C2=C(C(=O)N(C1=O)C)NC=N2,BrC1=CC=C(F)C=C1F,1,1,0
5484,CN1C2=C(C(=O)N(C1=O)C)NC=N2,O=C(O)C1=CC(F)=CC(Br)=C1,1,1,0
5488,CN1C2=C(C(=O)N(C1=O)C)NC=N2,O=C1C=CC=CC1Br,1,1,0
5498,CN1C2=C(C(=O)N(C1=O)C)NC=N2,CCCCCCC=C(C)C,1,1,0
5503,CN1C2=C(C(=O)N(C1=O)C)NC=N2,O=C1NC(=O)NC1=O,1,1,0
5506,CN1C2=C(C(=O)N(C1=O)C)NC=N2,O=C(O)C1=CC=C(I)C(Cl)=C1,1,1,0
5509,CN1C2=C(C(=O)N(C1=O)C)NC=N2,O=C(O)C1=CC=C(Cl)C(Cl)=C1,1,1,0
5515,CN1C2=C(C(=O)N(C1=O)C)NC=N2,O=C1C=CC=NC=C1,1,1,0
5520,CN1C2=C(C(=O)N(C1=O)C)NC=N2,N#CC1=CC=CC=C1I,1,1,0
5523,CN1C2=C(C(=O)N(C1=O)C)NC=N2,FC1=CC=CC=C1,1,1,0
5530,CN1C2=C(C(=O)N(C1=O)C)NC=N2,O=C(O)CCC#N,1,1,0
5535,CN1C2=C(C(=O)N(C1=O)C)NC=N2,O=C1NC(=O)N1,1,1,0
5538,CN1C2=C(C(=O)N(C1=O)C)NC=N2,CCCCC(C)(C)C,1,1,0
5539,CN1C2=C(C(=O)N(C1=O)C)NC=N2,N#CC(=O)C1=CC=CC=C1,1,1,0
5542,CN1C2=C(C(=O)N(C1=O)C)NC=N2,N#CC(=O)O,1,1,0
5547,CN1C2=C(C(=O)N(C1=O)C)NC=N2,CC1=CC=NC=C1,1,1,0
5548,CN1C2=C(C(=O)N(C1=O)C)NC=N2,O=C(O)CC(C#N)CC=O,1,1,0
5549,CN1C2=C(C(=O)N(C1=O)C)NC=N2,CC1=CC=CN=C1,1,1,0
5552,CN1C2=C(C(=O)N(C1=O)C)NC=N2,O=C1NC(=O)NC1=O,1,1,0
5555,CN1C2=C(C(=O)N(C1=O)C)NC=N2,CC1=CC=NC=C1,1,1,0
5557,CN1C2=C(C(=O)N(C1=O)C)NC=N2,N#CCC(=O)O,1,1,0
5559,CN1C2=C(C(=O)N(C1=O)C)NC=N2,CC1=CC=CN=C1,1,1,0
5565,CN1C2=C(C(=O)N(C1=O)C)NC=N2,CCC(C)(C)C,1,1,0
5566,CN1C2=C(C(=O)N(C1=O)C)NC=N2,N#CC(=O)O,1,1,0
5570,CN1C2=C(C(=O)N(C1=O)C)NC=N2,O=C(O)Cl,1,1,0
5572,CN1C2=C(C(=O)N(C1=O)C)NC=N2,CC1=CC=NC=C1,1,1,0
5577,CN1C2=C(C(=O)N(C1=O)C)NC=N2,COC1=CC=CN=C1,1,1,0
5583,CN1C2=C(C(=O)N(C1=O)C)NC=N2,N#CC1=CC=NC=C1,1,1,0
5593,CN1C2=C(C(=O)N(C1=O)C)NC=N2,O=C(O)CC(Cl)Cl,1,1,0
5599,CN1C2=C(C(=O)N(C1=O)C)NC=N2,O=C(O)C#N,1,1,0
5610,CN1C2=C(C(=O)N(C1=O)C)NC=N2,IC1=CC=CC(O)=C1,1,1,0
5611,CN1C2=C(C(=O)N(C1=O)C)NC=N2,CC1=CC=CN=C1,1,1,0
5614,CN1C2=C(C(=O)N(C1=O)C)NC=N2,CC(C)=O,1,1,0
5619,CN1C2=C(C(=O)N(C1=O)C)NC=N2,CC1=CC=NC=C1,1,1,0
5621,CN1C2=C(C(=O)N(C1=O)C)NC=N2,O=C1NC(=O)N1,1,1,0
5631,CN1C2=C(C(=O)N(C1=O)C)NC=N2,O=C1C=CC=CN=N1,1,1,0
5633,CN1C2=C(C(=O)N(C1=O)C)NC=N2,BrC1=CC=CC(F)=C1,1,1,0
5640,CN1C2=C(C(=O)N(C1=O)C)NC=N2,COC1=CC=CN=C1,1,1,0
5650,CN1C2=C(C(=O)N(C1=O)C)NC=N2,O=C(O)CC(=O)O,1,1,0
5657,CN1C2=C(C(=O)N(C1=O)C)NC=N2,CC1=CC=CN=C1,1,1,0
5658,CN1C2=C(C(=O)N(C1=O)C)NC=N2,O=C(O)C1=CC=CC=C1,1,1,0
5666,CN1C2=C(C(=O)N(C1=O)C)NC=N2,BrC1=CC=C(Br)C=C1,1,1,0
5667,CN1C2=C(C(=O)N(C1=O)C)NC=N2,CC1=CC=CC(Br)=C1,1,1,0
5668,CN1C2=C(C(=O)N(C1=O)C)NC=N2,CCCCCCCC,1,1,0
5676,CN1C2=C(C(=O)N(C1=O)C)NC=N2,IC1=CC=CN=C1,1,1,0
5679,CN1C2=C(C(=O)N(C1=O)C)NC=N2,CC1=CC=NC=C1,1,1,0
5694,CN1C2=C(C(=O)N(C1=O)C)NC=N2,CC1=CC=CN=C1,1,1,0
5697,CN1C2=C(C(=O)N(C1=O)C)NC=N2,CC1=CC=CC=N1,1,1,0
5706,CN1C2=C(C(=O)N(C1=O)C)NC=N2,O=C1C=CC(=O)N1,1,1,0
5730,CN1C2=C(C(=O)N(C1=O)C)NC=N2,O=C1NC(=O)NC1=O,1,1,0
5731,CN1C2=C(C(=O)N(C1=O)C)NC=N2,C=CC1=CC=NC=C1,1,1,0
5744,CN1C2=C(C(=O)N(C1=O)C)NC=N2,CC(C)(C)SCCCBr,1,1,0
5747,CN1C2=C(C(=O)N(C1=O)C)NC=N2,CC1=CC=C(SC2=CC=CC(I)=C2)C=C1,1,1,0
5751,CN1C2=C(C(=O)N(C1=O)C)NC=N2,O=CC1=CC=C(Br)C=C1,1,1,0
5755,CN1C2=C(C(=O)N(C1=O)C)NC=N2,IC1=CSSS1,1,1,0
5768,CN1C2=C(C(=O)N(C1=O)C)NC=N2,CC1=CC=NC=C1,1,1,0
5774,CN1C2=C(C(=O)N(C1=O)C)NC=N2,CC1=CC=CN=C1,1,1,0
5778,CN1C2=C(C(=O)N(C1=O)C)NC=N2,IC1=CC(Cl)=CC=C1O,1,1,0
5786,CN1C2=C(C(=O)N(C1=O)C)NC=N2,C#CC1=CC=CN=C1,1,1,0
5789,CN1C2=C(C(=O)N(C1=O)C)NC=N2,O=C(O)C1=CC(F)=CC(I)=C1,1,1,0
5804,CN1C2=C(C(=O)N(C1=O)C)NC=N2,CCCSCCCCC(=O)O,1,1,0
5808,CN1C2=C(C(=O)N(C1=O)C)NC=N2,CC1=CC=NC=C1,1,1,0
5810,CN1C2=C(C(=O)N(C1=O)C)NC=N2,N#CC1=CC=C(C#N)C=C1,1,1,0
5812,CN1C2=C(C(=O)N(C1=O)C)NC=N2,IC1=CC=NC=C1,1,1,0
5829,CN1C2=C(C(=O)N(C1=O)C)NC=N2,O=C1NC(=O)C(=O)N1,1,1,0
5830,CN1C2=C(C(=O)N(C1=O)C)NC=N2,O=C(O)C1=CC=CC=C1,1,1,0
5834,CN1C2=C(C(=O)N(C1=O)C)NC=N2,IC1=CNC=C1,1,1,0
5846,CN1C2=C(C(=O)N(C1=O)C)NC=N2,IC1=CNC=C1,1,1,0
5848,CN1C2=C(C(=O)N(C1=O)C)NC=N2,ClC1=NNC=C1,1,1,0
5849,CN1C2=C(C(=O)N(C1=O)C)NC=N2,N#CC(=O)O,1,1,0
5862,CN1C2=C(C(=O)N(C1=O)C)NC=N2,N#CC1=CC=CN=C1,1,1,0
5863,CN1C2=C(C(=O)N(C1=O)C)NC=N2,IC1=CNC=N1,1,1,0
5864,CN1C2=C(C(=O)N(C1=O)C)NC=N2,O=C1C=CC(=O)N1,1,1,0
5869,CN1C2=C(C(=O)N(C1=O)C)NC=N2,N#CC1=CC=NC=C1,1,1,0
5879,CN1C2=C(C(=O)N(C1=O)C)NC=N2,CC1=CC=NC=C1,1,1,0
5886,CN1C2=C(C(=O)N(C1=O)C)NC=N2,CC(C)CN=S,1,1,0
5893,CN1C2=C(C(=O)N(C1=O)C)NC=N2,O=C1C=CC(=O)N1,1,1,0
5898,CN1C2=C(C(=O)N(C1=O)C)NC=N2,CC1=CC=CN=C1,1,1,0
5899,CN1C2=C(C(=O)N(C1=O)C)NC=N2,CC1=CC=CN=C1,1,1,0
5903,CN1C2=C(C(=O)N(C1=O)C)NC=N2,CCCCC(C)C,1,1,0
5904,CN1C2=C(C(=O)N(C1=O)C)NC=N2,CC(C)=O,1,1,0
5905,CN1C2=C(C(=O)N(C1=O)C)NC=N2,O=C1NC(=O)N1,1,1,0
5913,CN1C2=C(C(=O)N(C1=O)C)NC=N2,O=C1NC(=O)C(=O)N1,1,1,0
5917,CN1C2=C(C(=O)N(C1=O)C)NC=N2,O=C(O)CC(Cl)Cl,1,1,0
5921,CN1C2=C(C(=O)N(C1=O)C)NC=N2,CCCCCCCC#CC,1,1,0
5947,CN1C2=C(C(=O)N(C1=O)C)NC=N2,FC1=CC=C(I)C=C1,1,1,0
5958,CN1C2=C(C(=O)N(C1=O)C)NC=N2,CCCCCCCC,1,1,0
5962,CN1C2=C(C(=O)N(C1=O)C)NC=N2,COC1=CC=NC=C1,1,1,0
5966,CN1C2=C(C(=O)N(C1=O)C)NC=N2,BrC1=CC=NC=C1,1,1,0
5968,CN1C2=C(C(=O)N(C1=O)C)NC=N2,O=C(O)C1=CC=CC=C1F,1,1,0
5981,CN1C2=C(C(=O)N(C1=O)C)NC=N2,O=CC1=CC=CN=C1,1,1,0
5983,CN1C2=C(C(=O)N(C1=O)C)NC=N2,O=C1NC(=O)NC1=O,1,1,0
5985,CN1C2=C(C(=O)N(C1=O)C)NC=N2,O=C1C=CC=C(Cl)C=C1Br,1,1,0
5988,CN1C2=C(C(=O)N(C1=O)C)NC=N2,N#CC1=CC=NC=C1,1,1,0
5998,CN1C2=C(C(=O)N(C1=O)C)NC=N2,CC1=NNC(=S)C(Br)=C1,1,1,0
6001,CN1C2=C(C(=O)N(C1=O)C)NC=N2,IC1=CNC=C1,1,1,0
6011,CN1C2=C(C(=O)N(C1=O)C)NC=N2,CC1=CC=NC=C1,1,1,0
6012,CN1C2=C(C(=O)N(C1=O)C)NC=N2,O=C1NC=NN1,1,1,0
6028,CN1C2=C(C(=O)N(C1=O)C)NC=N2,CC1=CC=NC=C1,1,1,0
6033,CN1C2=C(C(=O)N(C1=O)C)NC=N2,BrC1=CC=CC(Cl)=C1,1,1,0
6036,CN1C2=C(C(=O)N(C1=O)C)NC=N2,O=C1C=CC(=O)N1,1,1,0
6038,CN1C2=C(C(=O)N(C1=O)C)NC=N2,O=CC1=CC=CC(F)=C1,1,1,0
6043,CN1C2=C(C(=O)N(C1=O)C)NC=N2,O=C1C=CC(=O)N1,1,1,0
6044,CN1C2=C(C(=O)N(C1=O)C)NC=N2,O=C1SN=NC(=S)N1,1,1,0
6050,CN1C2=C(C(=O)N(C1=O)C)NC=N2,BrC1=CC=CC(Br)=C1,1,1,0
6069,CN1C2=C(C(=O)N(C1=O)C)NC=N2,CC(=O)C(=O)O,1,1,0
6088,CN1C2=C(C(=O)N(C1=O)C)NC=N2,IC1=CON=C1,1,1,0
6090,CN1C2=C(C(=O)N(C1=O)C)NC=N2,CC1=CC=NC=C1,1,1,0
6096,CN1C2=C(C(=O)N(C1=O)C)NC=N2,COC1=CC=NC=C1,1,1,0
6097,CN1C2=C(C(=O)N(C1=O)C)NC=N2,N#CCC1=CC=CC=N1,1,1,0
6100,CN1C2=C(C(=O)N(C1=O)C)NC=N2,O=C(O)C1=CC=CC=C1,1,1,0
6125,CN1C2=C(C(=O)N(C1=O)C)NC=N2,O=C1C=CC(=O)N1,1,1,0
6131,CN1C2=C(C(=O)N(C1=O)C)NC=N2,CC1=CC=NC=C1,1,1,0
6150,CN1C2=C(C(=O)N(C1=O)C)NC=N2,O=C1NC(=O)N1,1,1,0
6154,CN1C2=C(C(=O)N(C1=O)C)NC=N2,BrC1=CC=C(Cl)C=C1,1,1,0
6165,CN1C2=C(C(=O)N(C1=O)C)NC=N2,CC(C)(C)CN(C)C,1,1,0
6168,CN1C2=C(C(=O)N(C1=O)C)NC=N2,O=CC1=CC=CC(Br)=C1,1,1,0
6174,CN1C2=C(C(=O)N(C1=O)C)NC=N2,IC1=CC=CC=C1F,1,1,0
6175,CN1C2=C(C(=O)N(C1=O)C)NC=N2,FC1=CN=CC=C1,1,1,0
6180,CN1C2=C(C(=O)N(C1=O)C)NC=N2,N#CC1=CC(O)=CC(F)=C1,1,1,0
6184,CN1C2=C(C(=O)N(C1=O)C)NC=N2,CC1=CC=CN=C1,1,1,0
6192,CN1C2=C(C(=O)N(C1=O)C)NC=N2,CC1=CC=NC=C1,1,1,0
6195,CN1C2=C(C(=O)N(C1=O)C)NC=N2,COC1=CC=NC=C1,1,1,0
6200,CN1C2=C(C(=O)N(C1=O)C)NC=N2,CC1=CC=CN=C1,1,1,0
6203,CN1C2=C(C(=O)N(C1=O)C)NC=N2,CCCC(C)CC,1,1,0
6217,CN1C2=C(C(=O)N(C1=O)C)NC=N2,CCC(C)(C)C,1,1,0
6221,CN1C2=C(C(=O)N(C1=O)C)NC=N2,CS(=O)(=O)O,1,1,0
6227,CN1C2=C(C(=O)N(C1=O)C)NC=N2,IC1=CNC=C1,1,1,0
6229,CN1C2=C(C(=O)N(C1=O)C)NC=N2,C1=COC=N1,1,1,0
6230,CN1C2=C(C(=O)N(C1=O)C)NC=N2,CCCCCC(C)C,1,1,0
6233,CN1C2=C(C(=O)N(C1=O)C)NC=N2,FC1=CC=CN=C1,1,1,0
6236,CN1C2=C(C(=O)N(C1=O)C)NC=N2,OC1=CC=C(Br)C=C1,1,1,0
6239,CN1C2=C(C(=O)N(C1=O)C)NC=N2,IC1=CNC=C1,1,1,0
6242,CN1C2=C(C(=O)N(C1=O)C)NC=N2,N#CC(=O)O,1,1,0
6256,CN1C2=C(C(=O)N(C1=O)C)NC=N2,O=C(O)C1=CC=CC=C1,1,1,0
6260,CN1C2=C(C(=O)N(C1=O)C)NC=N2,BrC1=CC=C(O)C=C1,1,1,0
6266,CN1C2=C(C(=O)N(C1=O)C)NC=N2,N#CC1=CC=CC(Br)=C1,1,1,0
6278,CN1C2=C(C(=O)N(C1=O)C)NC=N2,O=C(O)C1=CC=CC=C1,1,1,0
6299,CN1C2=C(C(=O)N(C1=O)C)NC=N2,CS(=O)(=O)C(=O)O,1,1,0
6302,CN1C2=C(C(=O)N(C1=O)C)NC=N2,O=C1C(=O)NC(=O)N1,1,1,0
6324,CN1C2=C(C(=O)N(C1=O)C)NC=N2,O=C1C=CC(Cl)=C(Cl)C=C1,1,1,0
6325,CN1C2=C(C(=O)N(C1=O)C)NC=N2,N#CC(=O)O,1,1,0
6333,CN1C2=C(C(=O)N(C1=O)C)NC=N2,O=C(O)CC(Cl)Cl,1,1,0
6334,CN1C2=C(C(=O)N(C1=O)C)NC=N2,O=C1NC(=O)N1,1,1,0
6340,CN1C2=C(C(=O)N(C1=O)C)NC=N2,CC(C)=O,1,1,0
6344,CN1C2=C(C(=O)N(C1=O)C)NC=N2,CCCCC(C)C,1,1,0
6348,CN1C2=C(C(=O)N(C1=O)C)NC=N2,IC1=CNC=C1,1,1,0
6371,CN1C2=C(C(=O)N(C1=O)C)NC=N2,N#CC(=O)O,1,1,0
6374,CN1C2=C(C(=O)N(C1=O)C)NC=N2,CC1=CC=NC=C1,1,1,0
6391,CN1C2=C(C(=O)N(C1=O)C)NC=N2,O=C1C=CC(=O)N1,1,1,0
6399,CN1C2=C(C(=O)N(C1=O)C)NC=N2,IC1=CNC=C1,1,1,0
6418,CN1C2=C(C(=O)N(C1=O)C)NC=N2,CCC#CC(C)C,1,1,0
6420,CN1C2=C(C(=O)N(C1=O)C)NC=N2,CC(C)(C)CN(C)C,1,1,0
6423,CN1C2=C(C(=O)N(C1=O)C)NC=N2,CCCCCCC(C)(C)C,1,1,0
6434,CN1C2=C(C(=O)N(C1=O)C)NC=N2,CC1=CC=NC=C1,1,1,0
6437,CN1C2=C(C(=O)N(C1=O)C)NC=N2,IC1=CC=CC(Br)=C1,1,1,0
6440,CN1C2=C(C(=O)N(C1=O)C)NC=N2,CC1=CC=CS1,1,1,0
6441,CN1C2=C(C(=O)N(C1=O)C)NC=N2,CC1=CC=NC=C1,1,1,0
6446,CN1C2=C(C(=O)N(C1=O)C)NC=N2,S=CCC(=O)O,1,1,0
6447,CN1C2=C(C(=O)N(C1=O)C)NC=N2,IC1=CC(Cl)=CC=C1Cl,1,1,0
6460,CN1C2=C(C(=O)N(C1=O)C)NC=N2,CC(=O)OCC,1,1,0
6461,CN1C2=C(C(=O)N(C1=O)C)NC=N2,O=C1NC(=O)C(=O)N1,1,1,0
6474,CN1C2=C(C(=O)N(C1=O)C)NC=N2,CC1=CC=CN=C1,1,1,0
6482,CN1C2=C(C(=O)N(C1=O)C)NC=N2,O=C1NC(=O)N1,1,1,0
6483,CN1C2=C(C(=O)N(C1=O)C)NC=N2,CC1=CC=NC=C1,1,1,0
6499,CN1C2=C(C(=O)N(C1=O)C)NC=N2,BrC1=CC=CC=C1I,1,1,0
6500,CN1C2=C(C(=O)N(C1=O)C)NC=N2,O=C1C=CON=C1,1,1,0
6507,CN1C2=C(C(=O)N(C1=O)C)NC=N2,BrC1=CC=C(Cl)C=C1,1,1,0
6508,CN1C2=C(C(=O)N(C1=O)C)NC=N2,FC1=CN=CC=C1,1,1,0
6511,CN1C2=C(C(=O)N(C1=O)C)NC=N2,FC1=CSSS1,1,1,0
6520,CN1C2=C(C(=O)N(C1=O)C)NC=N2,N#CC(=O)O,1,1,0
6530,CN1C2=C(C(=O)N(C1=O)C)NC=N2,FC1=NC=CN=C1,1,1,0
6536,CN1C2=C(C(=O)N(C1=O)C)NC=N2,CCC(C)(C)C,1,1,0
6549,CN1C2=C(C(=O)N(C1=O)C)NC=N2,N#CC1=CC=CC=C1I,1,1,0
6553,CN1C2=C(C(=O)N(C1=O)C)NC=N2,O=C1C=CC(=O)N1,1,1,0
6557,CN1C2=C(C(=O)N(C1=O)C)NC=N2,O=C(O)CC(=O)O,1,1,0
6573,CN1C2=C(C(=O)N(C1=O)C)NC=N2,O=C1C=CON=N1,1,1,0
6580,CN1C2=C(C(=O)N(C1=O)C)NC=N2,C=C(C)C,1,1,0
6586,CN1C2=C(C(=O)N(C1=O)C)NC=N2,CCCC(C)C,1,1,0
6602,CN1C2=C(C(=O)N(C1=O)C)NC=N2,CC1=CC=CN=C1,1,1,0
6610,CN1C2=C(C(=O)N(C1=O)C)NC=N2,O=C1NC(=O)C(=O)N1,1,1,0
6617,CN1C2=C(C(=O)N(C1=O)C)NC=N2,CC1=CC=NC=C1,1,1,0
6623,CN1C2=C(C(=O)N(C1=O)C)NC=N2,IC1=CC=C(O)C=C1,1,1,0
6639,CN1C2=C(C(=O)N(C1=O)C)NC=N2,IC1=CC=CN=C1,1,1,0
6641,CN1C2=C(C(=O)N(C1=O)C)NC=N2,CC1=CC=NC=C1,1,1,0
6655,CN1C2=C(C(=O)N(C1=O)C)NC=N2,O=C1C=CC(=O)N1,1,1,0
6663,CN1C2=C(C(=O)N(C1=O)C)NC=N2,N#CC(=O)O,1,1,0
6664,CN1C2=C(C(=O)N(C1=O)C)NC=N2,CCCCC(C)CC,1,1,0
6671,CN1C2=C(C(=O)N(C1=O)C)NC=N2,CC1=CC=CN=C1,1,1,0
6672,CN1C2=C(C(=O)N(C1=O)C)NC=N2,IC1=CC=CC=C1Br,1,1,0
6678,CN1C2=C(C(=O)N(C1=O)C)NC=N2,O=C(O)C1=CC=CC=C1,1,1,0
6684,CN1C2=C(C(=O)N(C1=O)C)NC=N2,N#CC(=O)O,1,1,0
6694,CN1C2=C(C(=O)N(C1=O)C)NC=N2,O=C(O)C1=CC=CC=C1F,1,1,0
6695,CN1C2=C(C(=O)N(C1=O)C)NC=N2,BrC1=CC=CCC1,1,1,0
6697,CN1C2=C(C(=O)N(C1=O)C)NC=N2,C1=CC=CC(Br)=C1,1,1,0
6698,CN1C2=C(C(=O)N(C1=O)C)NC=N2,N#CC1=CC=NC=C1,1,1,0
6701,CN1C2=C(C(=O)N(C1=O)C)NC=N2,CCC#N,1,1,0
6705,CN1C2=C(C(=O)N(C1=O)C)NC=N2,O=C(O)C1=CC=CC=C1,1,1,0
6713,CN1C2=C(C(=O)N(C1=O)C)NC=N2,O=C1NC(=O)N1,1,1,0
6721,CN1C2=C(C(=O)N(C1=O)C)NC=N2,FC1=CC=CC(Cl)=C1,1,1,0
6733,CN1C2=C(C(=O)N(C1=O)C)NC=N2,IC1=CC=CC(Br)=C1,1,1,0
6736,CN1C2=C(C(=O)N(C1=O)C)NC=N2,CC1=CC=NC=C1,1,1,0
6743,CN1C2=C(C(=O)N(C1=O)C)NC=N2,CC1=CC=NC=C1,1,1,0
6745,CN1C2=C(C(=O)N(C1=O)C)NC=N2,CC(C)(C)SC1=CC=CC=C1,1,1,0
6748,CN1C2=C(C(=O)N(C1=O)C)NC=N2,CCCC(C)C,1,1,0
6750,CN1C2=C(C(=O)N(C1=O)C)NC=N2,CC(C)=O,1,1,0
6756,CN1C2=C(C(=O)N(C1=O)C)NC=N2,BrC1=CC=CC(F)=C1,1,1,0
6763,CN1C2=C(C(=O)N(C1=O)C)NC=N2,O=C1NC(=O)C(=O)N1,1,1,0
6768,CN1C2=C(C(=O)N(C1=O)C)NC=N2,N#CCC(=O)O,1,1,0
6772,CN1C2=C(C(=O)N(C1=O)C)NC=N2,O=C(O)C1=CC=CC=C1,1,1,0
6776,CN1C2=C(C(=O)N(C1=O)C)NC=N2,OC1=CC=CC(Br)=C1,1,1,0
6779,CN1C2=C(C(=O)N(C1=O)C)NC=N2,CC1=CC=NC=C1,1,1,0
6791,CN1C2=C(C(=O)N(C1=O)C)NC=N2,O=C1NC(=O)C(=O)N1,1,1,0
6793,CN1C2=C(C(=O)N(C1=O)C)NC=N2,CS(=O)(=O)O,1,1,0
6801,CN1C2=C(C(=O)N(C1=O)C)NC=N2,O=C1C=CC(=O)N1,1,1,0
6802,CN1C2=C(C(=O)N(C1=O)C)NC=N2,O=C(O)C1=CC=CC=C1,1,1,0
6805,CN1C2=C(C(=O)N(C1=O)C)NC=N2,CCCOC(=O)Cl,1,1,0
6808,CN1C2=C(C(=O)N(C1=O)C)NC=N2,CS(=O)(=O)O,1,1,0
6811,CN1C2=C(C(=O)N(C1=O)C)NC=N2,O=C1C=CC(=O)N1,1,1,0
6812,CN1C2=C(C(=O)N(C1=O)C)NC=N2,O=C1NC(=O)C(=O)N1,1,1,0
6818,CN1C2=C(C(=O)N(C1=O)C)NC=N2,O=C(O)C1=CC=CC(F)=C1,1,1,0
6823,CN1C2=C(C(=O)N(C1=O)C)NC=N2,O=C(O)Cl,1,1,0
6827,CN1C2=C(C(=O)N(C1=O)C)NC=N2,COC1=CC=NC=C1,1,1,0
6837,CN1C2=C(C(=O)N(C1=O)C)NC=N2,N#CC(=O)O,1,1,0
6838,CN1C2=C(C(=O)N(C1=O)C)NC=N2,O=C1C=CN(Cl)C(Cl)=C1,1,1,0
6840,CN1C2=C(C(=O)N(C1=O)C)NC=N2,FC1=CC=CC=C1,1,1,0
6843,CN1C2=C(C(=O)N(C1=O)C)NC=N2,O=C(O)C1=CC=CC=C1,1,1,0
6845,CN1C2=C(C(=O)N(C1=O)C)NC=N2,CC1=CC=CN=C1,1,1,0
6851,CN1C2=C(C(=O)N(C1=O)C)NC=N2,ClC1=CNC=C1,1,1,0
6852,CN1C2=C(C(=O)N(C1=O)C)NC=N2,FC1=CC=CN=C1,1,1,0
6858,CN1C2=C(C(=O)N(C1=O)C)NC=N2,O=C1C=CC(=O)O1,1,1,0
6863,CN1C2=C(C(=O)N(C1=O)C)NC=N2,CCCCCCCCCCCCCCC,1,1,0
6864,CN1C2=C(C(=O)N(C1=O)C)NC=N2,O=C1NC(=O)C(=O)N1,1,1,0
6869,CN1C2=C(C(=O)N(C1=O)C)NC=N2,CC1=CC=NC=C1,1,1,0
6871,CN1C2=C(C(=O)N(C1=O)C)NC=N2,O=C(O)C1=CC=CC=C1,1,1,0
6879,CN1C2=C(C(=O)N(C1=O)C)NC=N2,CCC(C)(C)C,1,1,0
6886,CN1C2=C(C(=O)N(C1=O)C)NC=N2,CC(=O)OCCl,1,1,0
6897,CN1C2=C(C(=O)N(C1=O)C)NC=N2,CC1=CC=NC=C1,1,1,0
6907,CN1C2=C(C(=O)N(C1=O)C)NC=N2,CCCCCCCCCCCCC,1,1,0
6913,CN1C2=C(C(=O)N(C1=O)C)NC=N2,C#CC1=CC=CC=C1Cl,1,1,0
6914,CN1C2=C(C(=O)N(C1=O)C)NC=N2,O=C1NC(=O)N1,1,1,0
6936,CN1C2=C(C(=O)N(C1=O)C)NC=N2,N#CC1=CC(Cl)=CC=C1Cl,1,1,0
6938,CN1C2=C(C(=O)N(C1=O)C)NC=N2,BrC1=CC=CC(Br)=C1,1,1,0
6944,CN1C2=C(C(=O)N(C1=O)C)NC=N2,FC1=CC=C(Cl)C=C1,1,1,0
6949,CN1C2=C(C(=O)N(C1=O)C)NC=N2,IC1=CC=NC=C1,1,1,0
6950,CN1C2=C(C(=O)N(C1=O)C)NC=N2,O=C(O)C1=CC=CC=C1,1,1,0
6966,CN1C2=C(C(=O)N(C1=O)C)NC=N2,O=C(O)C1=CC=CC=C1,1,1,0
6969,CN1C2=C(C(=O)N(C1=O)C)NC=N2,N#CC1=CC=CC=C1Br,1,1,0
6977,CN1C2=C(C(=O)N(C1=O)C)NC=N2,O=C1C=C(Cl)C(F)=CS1,1,1,0
7003,CN1C2=C(C(=O)N(C1=O)C)NC=N2,O=C(O)C1=CC=CC=C1,1,1,0
7013,CN1C2=C(C(=O)N(C1=O)C)NC=N2,CC1=CC=NC=C1,1,1,0
7023,CN1C2=C(C(=O)N(C1=O)C)NC=N2,CC(C)(C)CCCCCC#C,1,1,0
7024,CN1C2=C(C(=O)N(C1=O)C)NC=N2,O=C1NC(=O)C(=O)N1,1,1,0
7033,CN1C2=C(C(=O)N(C1=O)C)NC=N2,O=C(O)CC(=O)O,1,1,0
7044,CN1C2=C(C(=O)N(C1=O)C)NC=N2,CC1=CC=NC=C1,1,1,0
7045,CN1C2=C(C(=O)N(C1=O)C)NC=N2,O=C(O)C1=CC=C(F)C=C1,1,1,0
7046,CN1C2=C(C(=O)N(C1=O)C)NC=N2,O=C1C=CC(=O)N1,1,1,0
7050,CN1C2=C(C(=O)N(C1=O)C)NC=N2,CC1=CC=NC=C1,1,1,0
7061,CN1C2=C(C(=O)N(C1=O)C)NC=N2,N#CC(=O)O,1,1,0
7064,CN1C2=C(C(=O)N(C1=O)C)NC=N2,N#CC(O)C(Cl)Cl,1,1,0
7072,CN1C2=C(C(=O)N(C1=O)C)NC=N2,N#CC(=O)O,1,1,0
7077,CN1C2=C(C(=O)N(C1=O)C)NC=N2,CCOC(=O)C1=CSS1,1,1,0
7083,CN1C2=C(C(=O)N(C1=O)C)NC=N2,N#CC(=O)O,1,1,0
7107,CN1C2=C(C(=O)N(C1=O)C)NC=N2,N#CC1=CC=CC(I)=C1,1,1,0
7112,CN1C2=C(C(=O)N(C1=O)C)NC=N2,O=C(O)C1=CC(I)=CC(Cl)=C1,1,1,0
7116,CN1C2=C(C(=O)N(C1=O)C)NC=N2,O=C1NC(=O)N1,1,1,0
7133,CN1C2=C(C(=O)N(C1=O)C)NC=N2,IC1=CC=CC=C1I,1,1,0
7134,CN1C2=C(C(=O)N(C1=O)C)NC=N2,CC(C)(C)CCC(C)CBr,1,1,0
7141,CN1C2=C(C(=O)N(C1=O)C)NC=N2,CC1=CC(=O)C=NC1=O,1,1,0
7151,CN1C2=C(C(=O)N(C1=O)C)NC=N2,CCCCCCCCCCCCC,1,1,0
7155,CN1C2=C(C(=O)N(C1=O)C)NC=N2,IC1=CNC=C1,1,1,0
7182,CN1C2=C(C(=O)N(C1=O)C)NC=N2,ClC1=CC=CC=C1Br,1,1,0
7188,CN1C2=C(C(=O)N(C1=O)C)NC=N2,CC1=CC=NC=C1,1,1,0
7190,CN1C2=C(C(=O)N(C1=O)C)NC=N2,N#CC(=O)O,1,1,0
7196,CN1C2=C(C(=O)N(C1=O)C)NC=N2,N#CCCC(=O)O,1,1,0
7199,CN1C2=C(C(=O)N(C1=O)C)NC=N2,IC1=CC(Cl)=CC=C1Cl,1,1,0
7204,CN1C2=C(C(=O)N(C1=O)C)NC=N2,O=C1C=C(O)C(=O)N1,1,1,0
7210,CN1C2=C(C(=O)N(C1=O)C)NC=N2,CC1=CC=CN=C1,1,1,0
7214,CN1C2=C(C(=O)N(C1=O)C)NC=N2,CC1=CC=NC=C1,1,1,0
7215,CN1C2=C(C(=O)N(C1=O)C)NC=N2,FC1=CC=C(Cl)C=C1,1,1,0
7222,CN1C2=C(C(=O)N(C1=O)C)NC=N2,CC1=CC=NC=C1,1,1,0
7225,CN1C2=C(C(=O)N(C1=O)C)NC=N2,IC1=CC=CN=C1,1,1,0
7229,CN1C2=C(C(=O)N(C1=O)C)NC=N2,CC(C)CCC,1,1,0
7247,CN1C2=C(C(=O)N(C1=O)C)NC=N2,N#CC(=O)O,1,1,0
7256,CN1C2=C(C(=O)N(C1=O)C)NC=N2,CC1=CC=NC=C1,1,1,0
7260,CN1C2=C(C(=O)N(C1=O)C)NC=N2,O=C(O)C1=CC=CC=C1F,1,1,0
7262,CN1C2=C(C(=O)N(C1=O)C)NC=N2,O=C(O)C1=CC=CC=C1F,1,1,0
7263,CN1C2=C(C(=O)N(C1=O)C)NC=N2,CC1=CC=NC=C1,1,1,0
7265,CN1C2=C(C(=O)N(C1=O)C)NC=N2,FC1=CC=CC=C1Br,1,1,0
7268,CN1C2=C(C(=O)N(C1=O)C)NC=N2,CC(=O)OCC,1,1,0
7282,CN1C2=C(C(=O)N(C1=O)C)NC=N2,CC1=CC=NC=C1,1,1,0
7285,CN1C2=C(C(=O)N(C1=O)C)NC=N2,IC1=CC=CN=C1,1,1,0
7292,CN1C2=C(C(=O)N(C1=O)C)NC=N2,C#CC1=CC=CC(O)=C1,1,1,0
7293,CN1C2=C(C(=O)N(C1=O)C)NC=N2,IC1=CSSS1,1,1,0
7302,CN1C2=C(C(=O)N(C1=O)C)NC=N2,CC1=CC=NC=C1,1,1,0
7308,CN1C2=C(C(=O)N(C1=O)C)NC=N2,O=C(O)C1=CC=CC=C1,1,1,0
7318,CN1C2=C(C(=O)N(C1=O)C)NC=N2,O=CC1=CC=C(I)C=C1,1,1,0
7320,CN1C2=C(C(=O)N(C1=O)C)NC=N2,BrC1=CC=C(Cl)C=C1Br,1,1,0
7323,CN1C2=C(C(=O)N(C1=O)C)NC=N2,N#CC(O)C(Cl)Cl,1,1,0
7333,CN1C2=C(C(=O)N(C1=O)C)NC=N2,IC1=CC=CN=C1,1,1,0
7334,CN1C2=C(C(=O)N(C1=O)C)NC=N2,O=C1NC(=O)C(=O)N1,1,1,0
7348,CN1C2=C(C(=O)N(C1=O)C)NC=N2,O=C(O)C(Cl)Cl,1,1,0
7351,CN1C2=C(C(=O)N(C1=O)C)NC=N2,O=C(C1=CC=CC=C1)O,1,1,0
7353,CN1C2=C(C(=O)N(C1=O)C)NC=N2,BrC1=CC=C(Br)C=C1,1,1,0
7382,CN1C2=C(C(=O)N(C1=O)C)NC=N2,O=C1NC(=O)N1,1,1,0
7390,CN1C2=C(C(=O)N(C1=O)C)NC=N2,CC1=CC=NC=C1,1,1,0
7407,CN1C2=C(C(=O)N(C1=O)C)NC=N2,S=C(O)C1=CC=CC(Cl)=C1,1,1,0
7419,CN1C2=C(C(=O)N(C1=O)C)NC=N2,BrC1=CC=CC=C1,1,1,0
7420,CN1C2=C(C(=O)N(C1=O)C)NC=N2,C=CC,1,1,0
7447,CN1C2=C(C(=O)N(C1=O)C)NC=N2,C1=CSSS1,1,1,0
7451,CN1C2=C(C(=O)N(C1=O)C)NC=N2,CC(C)=O,1,1,0
7463,CN1C2=C(C(=O)N(C1=O)C)NC=N2,O=C(O)C(=O)O,1,1,0
7466,CN1C2=C(C(=O)N(C1=O)C)NC=N2,N#CCC(=O)O,1,1,0
7468,CN1C2=C(C(=O)N(C1=O)C)NC=N2,IC1=CC=CN=C1,1,1,0
7477,CN1C2=C(C(=O)N(C1=O)C)NC=N2,O=CC1=CC=C(Br)C=C1,1,1,0
7482,CN1C2=C(C(=O)N(C1=O)C)NC=N2,O=C1C=CC(=O)N1,1,1,0
7489,CN1C2=C(C(=O)N(C1=O)C)NC=N2,CC1=CC=NC=C1,1,1,0
7505,CN1C2=C(C(=O)N(C1=O)C)NC=N2,N#CCC(=O)O,1,1,0
7507,CN1C2=C(C(=O)N(C1=O)C)NC=N2,O=C(O)C1=CC=CC=C1,1,1,0
7514,CN1C2=C(C(=O)N(C1=O)C)NC=N2,NC(=O)Cl,1,1,0
7516,CN1C2=C(C(=O)N(C1=O)C)NC=N2,CC1=CC=CN=C1,1,1,0
7526,CN1C2=C(C(=O)N(C1=O)C)NC=N2,O=CC1=CC=C(Br)C=C1,1,1,0
7529,CN1C2=C(C(=O)N(C1=O)C)NC=N2,N#CC1=CC=NC=C1,1,1,0
7534,CN1C2=C(C(=O)N(C1=O)C)NC=N2,IC1=CC=NN1,1,1,0
7544,CN1C2=C(C(=O)N(C1=O)C)NC=N2,CC#CC1=CC=CC=C1,1,1,0
7554,CN1C2=C(C(=O)N(C1=O)C)NC=N2,O=C1C=CC(=O)N1,1,1,0
7569,CN1C2=C(C(=O)N(C1=O)C)NC=N2,IC1=CC=CC=C1O,1,1,0
7573,CN1C2=C(C(=O)N(C1=O)C)NC=N2,IC1=CC(Cl)=CC=C1Cl,1,1,0
7581,CN1C2=C(C(=O)N(C1=O)C)NC=N2,O=C1NC(=O)N1,1,1,0
7586,CN1C2=C(C(=O)N(C1=O)C)NC=N2,CC(C)(C)C#N,1,1,0
7593,CN1C2=C(C(=O)N(C1=O)C)NC=N2,O=C(O)C#N,1,1,0
7598,CN1C2=C(C(=O)N(C1=O)C)NC=N2,IC1=CN=CN=N1,1,1,0
7616,CN1C2=C(C(=O)N(C1=O)C)NC=N2,N#CC1=CC=NC=C1,1,1,0
7629,CN1C2=C(C(=O)N(C1=O)C)NC=N2,BrC1=CC=C(I)C=C1,1,1,0
7641,CN1C2=C(C(=O)N(C1=O)C)NC=N2,C=CC1=CSSS1,1,1,0
7648,CN1C2=C(C(=O)N(C1=O)C)NC=N2,BrC1=CC=CC=C1Br,1,1,0
7650,CN1C2=C(C(=O)N(C1=O)C)NC=N2,CC(C)(C)SC,1,1,0
7651,CN1C2=C(C(=O)N(C1=O)C)NC=N2,O=C1NC(=O)N1,1,1,0
7653,CN1C2=C(C(=O)N(C1=O)C)NC=N2,C1=CN=CC=N1,1,1,0
7654,CN1C2=C(C(=O)N(C1=O)C)NC=N2,N#CC(=O)C(=O)O,1,1,0
7655,CN1C2=C(C(=O)N(C1=O)C)NC=N2,N#CC1=CC=CC=C1O,1,1,0
7660,CN1C2=C(C(=O)N(C1=O)C)NC=N2,O=C1NC(=O)N1,1,1,0
7669,CN1C2=C(C(=O)N(C1=O)C)NC=N2,CC1=CC=NC=C1,1,1,0
7676,CN1C2=C(C(=O)N(C1=O)C)NC=N2,OC1=CC=C(Cl)C(Cl)=C1,1,1,0
7680,CN1C2=C(C(=O)N(C1=O)C)NC=N2,N#CC1=CC=CN=C1,1,1,0
7688,CN1C2=C(C(=O)N(C1=O)C)NC=N2,CCCC(C)C,1,1,0
7690,CN1C2=C(C(=O)N(C1=O)C)NC=N2,O=C1NC(=O)N1,1,1,0
7711,CN1C2=C(C(=O)N(C1=O)C)NC=N2,CC1=CC=NC=C1,1,1,0
7721,CN1C2=C(C(=O)N(C1=O)C)NC=N2,IC1=CNC(=O)C(I)=C1,1,1,0
7722,CN1C2=C(C(=O)N(C1=O)C)NC=N2,IC1=CC(Cl)=CC=C1Cl,1,1,0
7732,CN1C2=C(C(=O)N(C1=O)C)NC=N2,O=C(O)C#CC(=O)O,1,1,0
7735,CN1C2=C(C(=O)N(C1=O)C)NC=N2,C#CC1=CC=CC(Br)=C1,1,1,0
7779,CN1C2=C(C(=O)N(C1=O)C)NC=N2,FC1=CC=CC(I)=C1,1,1,0
7782,CN1C2=C(C(=O)N(C1=O)C)NC=N2,N#CC1=CC=CC(Br)=C1,1,1,0
7792,CN1C2=C(C(=O)N(C1=O)C)NC=N2,CC1=CC=NC=C1,1,1,0
7795,CN1C2=C(C(=O)N(C1=O)C)NC=N2,BrC1=CC=CC(Br)=C1,1,1,0
7815,CN1C2=C(C(=O)N(C1=O)C)NC=N2,BrC1=CC=CC(Br)=C1,1,1,0
7819,CN1C2=C(C(=O)N(C1=O)C)NC=N2,CC(C)(C)SC,1,1,0
7820,CN1C2=C(C(=O)N(C1=O)C)NC=N2,CCCCC1=CC=CC(I)=C1,1,1,0
7830,CN1C2=C(C(=O)N(C1=O)C)NC=N2,FC1=CC(Br)=NC=C1,1,1,0
7831,CN1C2=C(C(=O)N(C1=O)C)NC=N2,BrC1=CC=CC=C1F,1,1,0
7832,CN1C2=C(C(=O)N(C1=O)C)NC=N2,IC1=CC=NC=C1,1,1,0
7835,CN1C2=C(C(=O)N(C1=O)C)NC=N2,IC1=CC=CC(Br)=C1,1,1,0
7846,CN1C2=C(C(=O)N(C1=O)C)NC=N2,CC1=CC=NC=C1,1,1,0
7847,CN1C2=C(C(=O)N(C1=O)C)NC=N2,N#CC(=O)O,1,1,0
7850,CN1C2=C(C(=O)N(C1=O)C)NC=N2,ClC1=CC=CN=C1,1,1,0
7861,CN1C2=C(C(=O)N(C1=O)C)NC=N2,BrC1=CC=C(Cl)C=C1Br,1,1,0
7864,CN1C2=C(C(=O)N(C1=O)C)NC=N2,N#CC1=CC(Cl)=CC=C1Cl,1,1,0
7876,CN1C2=C(C(=O)N(C1=O)C)NC=N2,O=CC1=CC=CC=C1I,1,1,0
7883,CN1C2=C(C(=O)N(C1=O)C)NC=N2,O=C(O)C1=CC=CC=C1F,1,1,0
7884,CN1C2=C(C(=O)N(C1=O)C)NC=N2,O=C1NC(=O)N1,1,1,0
7893,CN1C2=C(C(=O)N(C1=O)C)NC=N2,O=C1C=CC(=O)N1,1,1,0
7896,CN1C2=C(C(=O)N(C1=O)C)NC=N2,IC1=CN=CC=C1Br,1,1,0
7899,CN1C2=C(C(=O)N(C1=O)C)NC=N2,FC1=CC=C(Cl)C=C1Br,1,1,0
7900,CN1C2=C(C(=O)N(C1=O)C)NC=N2,CC1=CC=CC(Br)=C1,1,1,0
7901,CN1C2=C(C(=O)N(C1=O)C)NC=N2,O=C(O)C1=CC=CC=C1,1,1,0
7905,CN1C2=C(C(=O)N(C1=O)C)NC=N2,O=C1NC(=O)N1,1,1,0
7921,CN1C2=C(C(=O)N(C1=O)C)NC=N2,CCC(C)C,1,1,0
7926,CN1C2=C(C(=O)N(C1=O)C)NC=N2,COC1=CC=NC=C1,1,1,0
7928,CN1C2=C(C(=O)N(C1=O)C)NC=N2,BrC1=CC=CC=C1,1,1,0
7929,CN1C2=C(C(=O)N(C1=O)C)NC=N2,CC1=CC=NC=C1,1,1,0
7931,CN1C2=C(C(=O)N(C1=O)C)NC=N2,BrC1=CC=CN=C1,1,1,0
7936,CN1C2=C(C(=O)N(C1=O)C)NC=N2,CN(C)CCC=C(C)C,1,1,0
7939,CN1C2=C(C(=O)N(C1=O)C)NC=N2,C#CC1=CC=CC(Br)=C1,1,1,0
7941,CN1C2=C(C(=O)N(C1=O)C)NC=N2,COC1=CC=NC=C1,1,1,0
7968,CN1C2=C(C(=O)N(C1=O)C)NC=N2,O=C1C=CC(=O)N1,1,1,0
7969,CN1C2=C(C(=O)N(C1=O)C)NC=N2,O=C(O)C(Cl)Cl,1,1,0
7986,CN1C2=C(C(=O)N(C1=O)C)NC=N2,IC1=CNN=C1,1,1,0
7991,CN1C2=C(C(=O)N(C1=O)C)NC=N2,CC(C)=S,1,1,0
7995,CN1C2=C(C(=O)N(C1=O)C)NC=N2,N#CC1=CC=CN=C1,1,1,0
7999,CN1C2=C(C(=O)N(C1=O)C)NC=N2,CCC(C)(C)C,1,1,0
8012,CN1C2=C(C(=O)N(C1=O)C)NC=N2,O=C1C=CC=NC=C1,1,1,0
8013,CN1C2=C(C(=O)N(C1=O)C)NC=N2,O=C1C=CC(=O)N1,1,1,0
8020,CN1C2=C(C(=O)N(C1=O)C)NC=N2,BrC1=CC(Cl)=CC(F)=C1,1,1,0
8032,CN1C2=C(C(=O)N(C1=O)C)NC=N2,O=C1NC(=O)C(=O)N1,1,1,0
8033,CN1C2=C(C(=O)N(C1=O)C)NC=N2,CC1=CC=NC=C1,1,1,0
8038,CN1C2=C(C(=O)N(C1=O)C)NC=N2,CC1=NOC(C)=C1C#N,1,1,0
8040,CN1C2=C(C(=O)N(C1=O)C)NC=N2,FC1=CC=CN=C1,1,1,0
8041,CN1C2=C(C(=O)N(C1=O)C)NC=N2,CC1=CC=NC=C1,1,1,0
8043,CN1C2=C(C(=O)N(C1=O)C)NC=N2,CC1=CC=CC(Br)=C1,1,1,0
8044,CN1C2=C(C(=O)N(C1=O)C)NC=N2,FC1=C(F)C=CC=C1Br,1,1,0
8045,CN1C2=C(C(=O)N(C1=O)C)NC=N2,CC1=CC=CC(I)=C1,1,1,0
8048,CN1C2=C(C(=O)N(C1=O)C)NC=N2,FC1=CN=CC=C1,1,1,0
8053,CN1C2=C(C(=O)N(C1=O)C)NC=N2,CC1=CC=NC=C1,1,1,0
8080,CN1C2=C(C(=O)N(C1=O)C)NC=N2,CC1=CC=NC=C1,1,1,0
8083,CN1C2=C(C(=O)N(C1=O)C)NC=N2,O=C1NC(=O)N1,1,1,0
8085,CN1C2=C(C(=O)N(C1=O)C)NC=N2,N#CC(=O)O,1,1,0
8090,CN1C2=C(C(=O)N(C1=O)C)NC=N2,CC1=CC=NC=C1,1,1,0
8095,CN1C2=C(C(=O)N(C1=O)C)NC=N2,O=C1NC(=O)C(=O)N1,1,1,0
8099,CN1C2=C(C(=O)N(C1=O)C)NC=N2,FOC1=CC=CC=C1F,1,1,0
8115,CN1C2=C(C(=O)N(C1=O)C)NC=N2,COC1=CC=NC=C1,1,1,0
8124,CN1C2=C(C(=O)N(C1=O)C)NC=N2,O=C1NC(=O)C(=O)N1,1,1,0
8139,CN1C2=C(C(=O)N(C1=O)C)NC=N2,COC1=CC=NC=C1,1,1,0
8142,CN1C2=C(C(=O)N(C1=O)C)NC=N2,O=C(O)C1=CC(Br)=CC=C1Cl,1,1,0
8143,CN1C2=C(C(=O)N(C1=O)C)NC=N2,O=C(O)C1=CC=CC(F)=C1,1,1,0
8145,CN1C2=C(C(=O)N(C1=O)C)NC=N2,C1=CC=CC=C1C(=O)O,1,1,0
8163,CN1C2=C(C(=O)N(C1=O)C)NC=N2,O=C1NC(=O)C(=O)N1,1,1,0
8167,CN1C2=C(C(=O)N(C1=O)C)NC=N2,CCCC(C)SC,1,1,0
8170,CN1C2=C(C(=O)N(C1=O)C)NC=N2,O=C(O)C1=CC=CC=C1,1,1,0
8180,CN1C2=C(C(=O)N(C1=O)C)NC=N2,BrC1=CC=CC(F)=C1,1,1,0
8191,CN1C2=C(C(=O)N(C1=O)C)NC=N2,CC1=CC=NC=C1,1,1,0
8199,CN1C2=C(C(=O)N(C1=O)C)NC=N2,CC1=CC=CC(F)=C1,1,1,0
8216,CN1C2=C(C(=O)N(C1=O)C)NC=N2,O=C1NC(=O)C(=O)N1,1,1,0
8227,CN1C2=C(C(=O)N(C1=O)C)NC=N2,IC1=CC(Cl)=C(I)C=C1,1,1,0
8237,CN1C2=C(C(=O)N(C1=O)C)NC=N2,N#CC1=CC=NC=C1,1,1,0
8239,CN1C2=C(C(=O)N(C1=O)C)NC=N2,CCC(C)(C)C,1,1,0
8240,CN1C2=C(C(=O)N(C1=O)C)NC=N2,ICC1=CC=CN=C1,1,1,0
8250,CN1C2=C(C(=O)N(C1=O)C)NC=N2,CC1=CC=NC=C1,1,1,0
8260,CN1C2=C(C(=O)N(C1=O)C)NC=N2,O=C1C=CSN=N1,1,1,0
8262,CN1C2=C(C(=O)N(C1=O)C)NC=N2,CC(C)(C)CC,1,1,0
8279,CN1C2=C(C(=O)N(C1=O)C)NC=N2,O=C(O)CC(Cl)Cl,1,1,0
8290,CN1C2=C(C(=O)N(C1=O)C)NC=N2,CC1=CC=CN=C1,1,1,0
8299,CN1C2=C(C(=O)N(C1=O)C)NC=N2,O=C(O)C1=CC=CC=C1,1,1,0
8300,CN1C2=C(C(=O)N(C1=O)C)NC=N2,IC1=CC=CC(Br)=C1,1,1,0
8333,CN1C2=C(C(=O)N(C1=O)C)NC=N2,O=CC1=CC=C(I)C=C1,1,1,0
8337,CN1C2=C(C(=O)N(C1=O)C)NC=N2,CCC(C)(C)CCCBr,1,1,0
8342,CN1C2=C(C(=O)N(C1=O)C)NC=N2,O=C(O)C1=CC=CC=C1F,1,1,0
8351,CN1C2=C(C(=O)N(C1=O)C)NC=N2,N#CC(=O)O,1,1,0
8352,CN1C2=C(C(=O)N(C1=O)C)NC=N2,CC1=CC=NC=C1,1,1,0
8355,CN1C2=C(C(=O)N(C1=O)C)NC=N2,FC1=CC=CC(Br)=C1,1,1,0
8356,CN1C2=C(C(=O)N(C1=O)C)NC=N2,BrC1=CC=CC(F)=C1,1,1,0
8364,CN1C2=C(C(=O)N(C1=O)C)NC=N2,O=C1NC(=O)C(=O)N1,1,1,0
8366,CN1C2=C(C(=O)N(C1=O)C)NC=N2,N#CC(=O)O,1,1,0
8395,CN1C2=C(C(=O)N(C1=O)C)NC=N2,O=C1NC(=O)C(=O)N1,1,1,0
8397,CN1C2=C(C(=O)N(C1=O)C)NC=N2,CC1=CC=NC=C1,1,1,0
8399,CN1C2=C(C(=O)N(C1=O)C)NC=N2,CC(C)=O,1,1,0
8400,CN1C2=C(C(=O)N(C1=O)C)NC=N2,N#CC(=O)O,1,1,0
8402,CN1C2=C(C(=O)N(C1=O)C)NC=N2,IC1=CC=CN=C1,1,1,0
8403,CN1C2=C(C(=O)N(C1=O)C)NC=N2,O=C1C=CON=C1,1,1,0
8408,CN1C2=C(C(=O)N(C1=O)C)NC=N2,O=C1NC(=O)N1,1,1,0
8444,CN1C2=C(C(=O)N(C1=O)C)NC=N2,CCCCC(C)C,1,1,0
8451,CN1C2=C(C(=O)N(C1=O)C)NC=N2,N#CC(=O)O,1,1,0
8453,CN1C2=C(C(=O)N(C1=O)C)NC=N2,O=C1NC(=O)C(=O)N1,1,1,0
8454,CN1C2=C(C(=O)N(C1=O)C)NC=N2,CC1=CC=NC=C1,1,1,0
8458,CN1C2=C(C(=O)N(C1=O)C)NC=N2,CC(C)CC(C)C,1,1,0
8460,CN1C2=C(C(=O)N(C1=O)C)NC=N2,O=C1NC(=O)NC1=O,1,1,0
8463,CN1C2=C(C(=O)N(C1=O)C)NC=N2,N#CCC#N,1,1,0
8477,CN1C2=C(C(=O)N(C1=O)C)NC=N2,N#CC(=O)O,1,1,0
8482,CN1C2=C(C(=O)N(C1=O)C)NC=N2,N#CC(=O)O,1,1,0
8490,CN1C2=C(C(=O)N(C1=O)C)NC=N2,CC1=CC=CN=C1,1,1,0
8505,CN1C2=C(C(=O)N(C1=O)C)NC=N2,IC1=CC=CC(Br)=C1,1,1,0
8511,CN1C2=C(C(=O)N(C1=O)C)NC=N2,CCCCCCCCCCCCCCCCCCCCCCCC(=O)O,1,1,0
8515,CN1C2=C(C(=O)N(C1=O)C)NC=N2,O=C(O)C1=CC=CC=C1,1,1,0
8528,CN1C2=C(C(=O)N(C1=O)C)NC=N2,O=C1NC(=O)NC1=O,1,1,0
8540,CN1C2=C(C(=O)N(C1=O)C)NC=N2,CC1=CC=NC=C1,1,1,0
8543,CN1C2=C(C(=O)N(C1=O)C)NC=N2,BrC1=CC=CC=C1,1,1,0
8544,CN1C2=C(C(=O)N(C1=O)C)NC=N2,O=C1NC(=O)C(=O)N1,1,1,0
8563,CN1C2=C(C(=O)N(C1=O)C)NC=N2,O=C(O)C1=CC=CC=C1,1,1,0
8567,CN1C2=C(C(=O)N(C1=O)C)NC=N2,II,1,1,0
8569,CN1C2=C(C(=O)N(C1=O)C)NC=N2,O=C1NC(=O)N1,1,1,0
8581,CN1C2=C(C(=O)N(C1=O)C)NC=N2,IC1=CC=CC=C1F,1,1,0
8582,CN1C2=C(C(=O)N(C1=O)C)NC=N2,FC1=CC=CC=C1Br,1,1,0
8593,CN1C2=C(C(=O)N(C1=O)C)NC=N2,CC1=CC=CN=C1,1,1,0
8603,CN1C2=C(C(=O)N(C1=O)C)NC=N2,CC1=CC=NC=C1,1,1,0
8611,CN1C2=C(C(=O)N(C1=O)C)NC=N2,CC1=CC=NC=C1,1,1,0
8612,CN1C2=C(C(=O)N(C1=O)C)NC=N2,O=C1NC(=O)C(=O)N1,1,1,0
8614,CN1C2=C(C(=O)N(C1=O)C)NC=N2,C1=NNC(C#N)=N1,1,1,0
8620,CN1C2=C(C(=O)N(C1=O)C)NC=N2,C1=CC=NC=C1,1,1,0
8633,CN1C2=C(C(=O)N(C1=O)C)NC=N2,IOC1=CC=CC=C1,1,1,0
8639,CN1C2=C(C(=O)N(C1=O)C)NC=N2,O=CC1=CC=C(Br)C=C1,1,1,0
8643,CN1C2=C(C(=O)N(C1=O)C)NC=N2,CC1=CC(=O)NC(=S)S1,1,1,0
8648,CN1C2=C(C(=O)N(C1=O)C)NC=N2,CC1=CC=NC=C1,1,1,0
8654,CN1C2=C(C(=O)N(C1=O)C)NC=N2,O=C1NC(=O)NC1=O,1,1,0
8658,CN1C2=C(C(=O)N(C1=O)C)NC=N2,BrC1=CC=C(I)C=C1,1,1,0
8661,CN1C2=C(C(=O)N(C1=O)C)NC=N2,O=C1C=CC(=O)N1,1,1,0
8663,CN1C2=C(C(=O)N(C1=O)C)NC=N2,COC1=CC=NC=C1,1,1,0
8664,CN1C2=C(C(=O)N(C1=O)C)NC=N2,CCCCCC(C)C,1,1,0
8671,CN1C2=C(C(=O)N(C1=O)C)NC=N2,N#CC(=O)O,1,1,0
8702,CN1C2=C(C(=O)N(C1=O)C)NC=N2,CC1=CC=NC=C1,1,1,0
8723,CN1C2=C(C(=O)N(C1=O)C)NC=N2,CC1=CC=CC=N1,1,1,0
8743,CN1C2=C(C(=O)N(C1=O)C)NC=N2,CC(=O)OCC#N,1,1,0
8747,CN1C2=C(C(=O)N(C1=O)C)NC=N2,IC1=CC=CC=C1,1,1,0
8751,CN1C2=C(C(=O)N(C1=O)C)NC=N2,O=C1NC=CS1,1,1,0
8767,CN1C2=C(C(=O)N(C1=O)C)NC=N2,O=CCC(=O)O,1,1,0
8774,CN1C2=C(C(=O)N(C1=O)C)NC=N2,IC1=CNC=N1,1,1,0
8778,CN1C2=C(C(=O)N(C1=O)C)NC=N2,IC1=CNC=N1,1,1,0
8779,CN1C2=C(C(=O)N(C1=O)C)NC=N2,O=C(O)C(=O)O,1,1,0
8784,CN1C2=C(C(=O)N(C1=O)C)NC=N2,CC(C)(C)CCC(C)C,1,1,0
8796,CN1C2=C(C(=O)N(C1=O)C)NC=N2,O=C1NC(=O)C(=O)N1,1,1,0
8813,CN1C2=C(C(=O)N(C1=O)C)NC=N2,CCCCC#N,1,1,0
8829,CN1C2=C(C(=O)N(C1=O)C)NC=N2,O=C(O)C1=CC(Cl)=C(Cl)C=C1Cl,1,1,0
8831,CN1C2=C(C(=O)N(C1=O)C)NC=N2,S=C(O)C1=CC=C(Cl)C=C1,1,1,0
8832,CN1C2=C(C(=O)N(C1=O)C)NC=N2,IC1=CC=CC(Br)=C1,1,1,0
8834,CN1C2=C(C(=O)N(C1=O)C)NC=N2,BrC1=CC=C(I)C=C1,1,1,0
8835,CN1C2=C(C(=O)N(C1=O)C)NC=N2,CC1=CC=CC=N1,1,1,0
8846,CN1C2=C(C(=O)N(C1=O)C)NC=N2,CC(C)(C)SC,1,1,0
8847,CN1C2=C(C(=O)N(C1=O)C)NC=N2,N#CC1=CC=CC(O)=C1,1,1,0
8856,CN1C2=C(C(=O)N(C1=O)C)NC=N2,O=C1NC(=O)N1,1,1,0
8860,CN1C2=C(C(=O)N(C1=O)C)NC=N2,FOC1=CC=CC(F)=C1,1,1,0
8868,CN1C2=C(C(=O)N(C1=O)C)NC=N2,CC1=CC=CN=C1,1,1,0
8870,CN1C2=C(C(=O)N(C1=O)C)NC=N2,O=C1NC(=O)N1,1,1,0
8872,CN1C2=C(C(=O)N(C1=O)C)NC=N2,CC1=CC=CC=N1,1,1,0
8887,CN1C2=C(C(=O)N(C1=O)C)NC=N2,O=C(O)C1=CC=CC(F)=C1,1,1,0
8890,CN1C2=C(C(=O)N(C1=O)C)NC=N2,BrC1=CC=C(Cl)C=C1,1,1,0
8892,CN1C2=C(C(=O)N(C1=O)C)NC=N2,FC1=CC=C(F)C(I)=C1,1,1,0
8898,CN1C2=C(C(=O)N(C1=O)C)NC=N2,O=C1NC(=O)N1,1,1,0
8935,CN1C2=C(C(=O)N(C1=O)C)NC=N2,O=C1NC(=O)C(=O)N1,1,1,0
8940,CN1C2=C(C(=O)N(C1=O)C)NC=N2,O=C(O)C1=CC=CC=C1F,1,1,0
8965,CN1C2=C(C(=O)N(C1=O)C)NC=N2,BrC1=CC=CC2=NC=CN12,1,1,0
8968,CN1C2=C(C(=O)N(C1=O)C)NC=N2,CC1=CC=NC=C1,1,1,0
8977,CN1C2=C(C(=O)N(C1=O)C)NC=N2,IC1=CC=CC(O)=C1,1,1,0
8994,CN1C2=C(C(=O)N(C1=O)C)NC=N2,O=C1NC(=O)NC1=O,1,1,0
9000,CN1C2=C(C(=O)N(C1=O)C)NC=N2,CC1=CC(=O)OC(C#N)=C1Cl,1,1,0
9006,CN1C2=C(C(=O)N(C1=O)C)NC=N2,CC1=CC=NC=C1,1,1,0
9026,CN1C2=C(C(=O)N(C1=O)C)NC=N2,O=C(O)C1=CC=CC=C1F,1,1,0
9027,CN1C2=C(C(=O)N(C1=O)C)NC=N2,O=C1C=CN=CC1=S,1,1,0
9035,CN1C2=C(C(=O)N(C1=O)C)NC=N2,O=CC1=CC=CC(Br)=C1,1,1,0
9036,CN1C2=C(C(=O)N(C1=O)C)NC=N2,BrC1=CC(Cl)=CC=C1F,1,1,0
9039,CN1C2=C(C(=O)N(C1=O)C)NC=N2,CC1=CC=NC=C1,1,1,0
9040,CN1C2=C(C(=O)N(C1=O)C)NC=N2,CC1=CC=NC=C1,1,1,0
9042,CN1C2=C(C(=O)N(C1=O)C)NC=N2,O=C1C=CC(=O)N1,1,1,0
9050,CN1C2=C(C(=O)N(C1=O)C)NC=N2,BrC1=CC=C(Br)C=C1,1,1,0
9052,CN1C2=C(C(=O)N(C1=O)C)NC=N2,CC1=CC=NC=C1,1,1,0
9054,CN1C2=C(C(=O)N(C1=O)C)NC=N2,O=O,1,1,0
9056,CN1C2=C(C(=O)N(C1=O)C)NC=N2,BrC1=CC=C(Cl)C=C1,1,1,0
9059,CN1C2=C(C(=O)N(C1=O)C)NC=N2,O=CC1=CC=CN=C1.Cl,1,1,0
9080,CN1C2=C(C(=O)N(C1=O)C)NC=N2,O=C1NC(=O)C(=O)N1,1,1,0
9085,CN1C2=C(C(=O)N(C1=O)C)NC=N2,BrC1=CC=CC2=NC=CN12,1,1,0
9088,CN1C2=C(C(=O)N(C1=O)C)NC=N2,O=C1C=CC(=O)N1,1,1,0
9092,CN1C2=C(C(=O)N(C1=O)C)NC=N2,CC1=CC=NC=C1,1,1,0
9102,CN1C2=C(C(=O)N(C1=O)C)NC=N2,CC1=CC=NC=C1,1,1,0
9116,CN1C2=C(C(=O)N(C1=O)C)NC=N2,C#CCCCCCCCC,1,1,0
9128,CN1C2=C(C(=O)N(C1=O)C)NC=N2,O=CC1=CC=C(Cl)C=C1I,1,1,0
9146,CN1C2=C(C(=O)N(C1=O)C)NC=N2,CC(C)=O,1,1,0
9159,CN1C2=C(C(=O)N(C1=O)C)NC=N2,COC1=CC=NC=C1,1,1,0
9167,CN1C2=C(C(=O)N(C1=O)C)NC=N2,O=C1C=CC(=O)C(Cl)=C1,1,1,0
9175,CN1C2=C(C(=O)N(C1=O)C)NC=N2,O=C1NC(=O)NC1=O,1,1,0
9177,CN1C2=C(C(=O)N(C1=O)C)NC=N2,O=C1C=CC(=O)N1,1,1,0
9183,CN1C2=C(C(=O)N(C1=O)C)NC=N2,O=C1NC(=O)NC1=O,1,1,0
9191,CN1C2=C(C(=O)N(C1=O)C)NC=N2,CC1=CC=NC=C1,1,1,0
9208,CN1C2=C(C(=O)N(C1=O)C)NC=N2,CC1=CC=NC=C1,1,1,0
9209,CN1C2=C(C(=O)N(C1=O)C)NC=N2,CC1=CC=NC=C1,1,1,0
9210,CN1C2=C(C(=O)N(C1=O)C)NC=N2,O=C(O)C1=CC(F)=CC(Cl)=C1,1,1,0
9212,CN1C2=C(C(=O)N(C1=O)C)NC=N2,O=C1NC(=O)N1,1,1,0
9232,CN1C2=C(C(=O)N(C1=O)C)NC=N2,O=C(O)C1=CC=CC=C1,1,1,0
9233,CN1C2=C(C(=O)N(C1=O)C)NC=N2,IC1=CNC=C1,1,1,0
9274,CN1C2=C(C(=O)N(C1=O)C)NC=N2,CC1=CC=CN=C1,1,1,0
9275,CN1C2=C(C(=O)N(C1=O)C)NC=N2,CC1=CC=CN=C1,1,1,0
9289,CN1C2=C(C(=O)N(C1=O)C)NC=N2,N#CC(=O)O,1,1,0
9292,CN1C2=C(C(=O)N(C1=O)C)NC=N2,O=CC1=CC=CN=C1,1,1,0
9295,CN1C2=C(C(=O)N(C1=O)C)NC=N2,IC1=CC=C(Br)C=C1,1,1,0
9297,CN1C2=C(C(=O)N(C1=O)C)NC=N2,CC1=CC=NC=C1,1,1,0
9303,CN1C2=C(C(=O)N(C1=O)C)NC=N2,O=CC1=CC=CC(Br)=C1,1,1,0
9304,CN1C2=C(C(=O)N(C1=O)C)NC=N2,O=C(O)CC(C)I,1,1,0
9307,CN1C2=C(C(=O)N(C1=O)C)NC=N2,IOC1=CC=CC(F)=C1,1,1,0
9308,CN1C2=C(C(=O)N(C1=O)C)NC=N2,O=C1NC(=O)C(=O)N1,1,1,0
9310,CN1C2=C(C(=O)N(C1=O)C)NC=N2,CC1=CC=NC=C1,1,1,0
9311,CN1C2=C(C(=O)N(C1=O)C)NC=N2,CC1=CC=NC=C1,1,1,0
9312,CN1C2=C(C(=O)N(C1=O)C)NC=N2,CC1=CC=NC=C1,1,1,0
9317,CN1C2=C(C(=O)N(C1=O)C)NC=N2,CCSC(=O)O,1,1,0
9319,CN1C2=C(C(=O)N(C1=O)C)NC=N2,O=C(O)C1=CC=CC=C1F,1,1,0
9323,CN1C2=C(C(=O)N(C1=O)C)NC=N2,CC1=CC=NC=C1,1,1,0
9328,CN1C2=C(C(=O)N(C1=O)C)NC=N2,BrC1=CC=CC=C1Br,1,1,0
9348,CN1C2=C(C(=O)N(C1=O)C)NC=N2,IC1=CC=CC=C1Br,1,1,0
9352,CN1C2=C(C(=O)N(C1=O)C)NC=N2,CC1=CC=CN=C1,1,1,0
9358,CN1C2=C(C(=O)N(C1=O)C)NC=N2,IC1=CC(O)=CC(F)=C1,1,1,0
9360,CN1C2=C(C(=O)N(C1=O)C)NC=N2,N#CC(=O)O,1,1,0
9365,CN1C2=C(C(=O)N(C1=O)C)NC=N2,CC1=CC=NC=C1,1,1,0
9371,CN1C2=C(C(=O)N(C1=O)C)NC=N2,CC(=O)C,1,1,0
9373,CN1C2=C(C(=O)N(C1=O)C)NC=N2,O=C(O)C1=CC(Cl)=CC=C1Cl,1,1,0
9375,CN1C2=C(C(=O)N(C1=O)C)NC=N2,CC1=CC=NC=C1,1,1,0
9380,CN1C2=C(C(=O)N(C1=O)C)NC=N2,O=C(O)CCCSSC1=CC=CC=C1I,1,1,0
9381,CN1C2=C(C(=O)N(C1=O)C)NC=N2,N#CC(=O)O,1,1,0
9392,CN1C2=C(C(=O)N(C1=O)C)NC=N2,N#CC1=C(Cl)C=CC=C1Cl,1,1,0
9396,CN1C2=C(C(=O)N(C1=O)C)NC=N2,O=C1NC(=O)C(=O)N1,1,1,0
9405,CN1C2=C(C(=O)N(C1=O)C)NC=N2,CCCCCC(C)C,1,1,0
9416,CN1C2=C(C(=O)N(C1=O)C)NC=N2,O=C1C=CC(=O)C(Cl)=C1,1,1,0
9425,CN1C2=C(C(=O)N(C1=O)C)NC=N2,CCCCCCCCC,1,1,0
9427,CN1C2=C(C(=O)N(C1=O)C)NC=N2,CC1=CC=CN=C1,1,1,0
9432,CN1C2=C(C(=O)N(C1=O)C)NC=N2,CC1=CC=CC(Br)=C1,1,1,0
9438,CN1C2=C(C(=O)N(C1=O)C)NC=N2,O=C(O)C#N,1,1,0
9454,CN1C2=C(C(=O)N(C1=O)C)NC=N2,O=C(O)C1=CC=CC=C1,1,1,0
9456,CN1C2=C(C(=O)N(C1=O)C)NC=N2,CC(C)CCCCC,1,1,0
9462,CN1C2=C(C(=O)N(C1=O)C)NC=N2,O=C1C=C(Cl)SC(Br)=C1,1,1,0
9470,CN1C2=C(C(=O)N(C1=O)C)NC=N2,CC1=CC=NC=C1,1,1,0
9471,CN1C2=C(C(=O)N(C1=O)C)NC=N2,O=C1C=CC(=O)N1,1,1,0
9472,CN1C2=C(C(=O)N(C1=O)C)NC=N2,O=C(O)C1=CC=CC=C1,1,1,0
9476,CN1C2=C(C(=O)N(C1=O)C)NC=N2,CC1=CC=CN=C1,1,1,0
9478,CN1C2=C(C(=O)N(C1=O)C)NC=N2,N#CC(=O)OCCC(=O)O,1,1,0
9488,CN1C2=C(C(=O)N(C1=O)C)NC=N2,IC1=CC=CN=C1,1,1,0
9490,CN1C2=C(C(=O)N(C1=O)C)NC=N2,C1=CSSS1,1,1,0
9508,CN1C2=C(C(=O)N(C1=O)C)NC=N2,O=C1NC(=O)N1,1,1,0
9511,CN1C2=C(C(=O)N(C1=O)C)NC=N2,CC1=CC=CC=C1Cl,1,1,0
9517,CN1C2=C(C(=O)N(C1=O)C)NC=N2,O=C(O)C1=CC(Cl)=C(Br)C=C1,1,1,0
9520,CN1C2=C(C(=O)N(C1=O)C)NC=N2,C1COSCCCCCC1,1,1,0
9525,CN1C2=C(C(=O)N(C1=O)C)NC=N2,CC1=CC=CC=N1,1,1,0
9531,CN1C2=C(C(=O)N(C1=O)C)NC=N2,CC1=CC=NC=C1,1,1,0
9538,CN1C2=C(C(=O)N(C1=O)C)NC=N2,O=C(O)C1=CC=C(F)C=C1,1,1,0
9541,CN1C2=C(C(=O)N(C1=O)C)NC=N2,O=COC1=CC=C(Cl)C(Cl)=C1,1,1,0
9548,CN1C2=C(C(=O)N(C1=O)C)NC=N2,O=C1C=CC(=O)N1,1,1,0
9557,CN1C2=C(C(=O)N(C1=O)C)NC=N2,O=C1C=CC(Cl)=CC(O)=C1,1,1,0
9566,CN1C2=C(C(=O)N(C1=O)C)NC=N2,IC1=CC=CN=C1,1,1,0
9584,CN1C2=C(C(=O)N(C1=O)C)NC=N2,CCCCCCCSC,1,1,0
9590,CN1C2=C(C(=O)N(C1=O)C)NC=N2,O=C1NC(=O)C(=O)N1,1,1,0
9591,CN1C2=C(C(=O)N(C1=O)C)NC=N2,CC1=CC=NC=C1,1,1,0
9595,CN1C2=C(C(=O)N(C1=O)C)NC=N2,CC1=CC=NC=C1,1,1,0
9596,CN1C2=C(C(=O)N(C1=O)C)NC=N2,O=C1NC(=O)N1,1,1,0
9598,CN1C2=C(C(=O)N(C1=O)C)NC=N2,O=CCCC(=O)O,1,1,0
9613,CN1C2=C(C(=O)N(C1=O)C)NC=N2,CC1=CC=NC=C1,1,1,0
9648,CN1C2=C(C(=O)N(C1=O)C)NC=N2,CC1=CC=CC=N1,1,1,0
9657,CN1C2=C(C(=O)N(C1=O)C)NC=N2,CC1=CC=NC=C1,1,1,0
9659,CN1C2=C(C(=O)N(C1=O)C)NC=N2,FC1=CC=CC(Br)=C1,1,1,0
9682,CN1C2=C(C(=O)N(C1=O)C)NC=N2,O=C1C=CC(=O)N1,1,1,0
9692,CN1C2=C(C(=O)N(C1=O)C)NC=N2,CCC#N,1,1,0
9693,CN1C2=C(C(=O)N(C1=O)C)NC=N2,BrC1=CC=CC=C1Br,1,1,0
9704,CN1C2=C(C(=O)N(C1=O)C)NC=N2,O=C1CC(=O)NC1=O,1,1,0
9715,CN1C2=C(C(=O)N(C1=O)C)NC=N2,CC1=CC=NC=C1,1,1,0
9722,CN1C2=C(C(=O)N(C1=O)C)NC=N2,IC1=CC=CC=C1I,1,1,0
9724,CN1C2=C(C(=O)N(C1=O)C)NC=N2,CC(C)CCCC=CC,1,1,0
9726,CN1C2=C(C(=O)N(C1=O)C)NC=N2,FC1=CC=CC(Br)=C1,1,1,0
9731,CN1C2=C(C(=O)N(C1=O)C)NC=N2,O=C(O)C1=CC(Br)=CC=C1Cl,1,1,0
9736,CN1C2=C(C(=O)N(C1=O)C)NC=N2,O=C(O)C1=CC=CC=C1,1,1,0
9737,CN1C2=C(C(=O)N(C1=O)C)NC=N2,O=C(O)C(Cl)Cl,1,1,0
9745,CN1C2=C(C(=O)N(C1=O)C)NC=N2,CC1=CC=NC=C1,1,1,0
9750,CN1C2=C(C(=O)N(C1=O)C)NC=N2,CC1=CC=NC=C1,1,1,0
9764,CN1C2=C(C(=O)N(C1=O)C)NC=N2,CC1=CC=NC=C1,1,1,0
9782,CN1C2=C(C(=O)N(C1=O)C)NC=N2,C#CC1=CC=NC=C1,1,1,0
9786,CN1C2=C(C(=O)N(C1=O)C)NC=N2,CC1=CC=NC=C1,1,1,0
9802,CN1C2=C(C(=O)N(C1=O)C)NC=N2,N#CCC(=O)O,1,1,0
9804,CN1C2=C(C(=O)N(C1=O)C)NC=N2,O=C(O)C1=CC=CC=C1,1,1,0
9808,CN1C2=C(C(=O)N(C1=O)C)NC=N2,BrC1=CC=C(Cl)C=C1,1,1,0
9828,CN1C2=C(C(=O)N(C1=O)C)NC=N2,O=C(O)CSSC1=CC=CC=C1I,1,1,0
9853,CN1C2=C(C(=O)N(C1=O)C)NC=N2,BrC1=CC=C(I)C(I)=C1,1,1,0
9860,CN1C2=C(C(=O)N(C1=O)C)NC=N2,N#CC1=C(C#N)C=CC=C1F,1,1,0
9863,CN1C2=C(C(=O)N(C1=O)C)NC=N2,N#CC(=O)O,1,1,0
9868,CN1C2=C(C(=O)N(C1=O)C)NC=N2,CC1=CC=NC=C1,1,1,0
9879,CN1C2=C(C(=O)N(C1=O)C)NC=N2,CS(=O)(=O)O,1,1,0
